"Species","species.common","family.common","Class","Order","Family","Genus","g_sp"
"Anabacerthia lichtensteini","Ochre-breasted Foliage-gleaner","Ovenbirds","Aves","Passeriformes","Furnariidae","Anabacerthia","Ana.lichtensteini"
"Platyrinchus mystaceus","White-throated Spadebill","Tyrant Flycatchers, Calyptura","Aves","Passeriformes","Tyrannidae","Platyrinchus","Pla.mystaceus"
"Pyriglena leucoptera","White-shouldered Fire-eye","Antbirds","Aves","Passeriformes","Thamnophilidae","Pyriglena","Pyr.leucoptera"
"Schiffornis virescens","Greenish Schiffornis","Tityras, Becards, Sharpbill","Aves","Passeriformes","Tityridae","Schiffornis","Sch.virescens"
"Sclerurus scansor","Rufous-breasted Leaftosser","Ovenbirds","Aves","Passeriformes","Furnariidae","Sclerurus","Scl.scansor"
"Synallaxis ruficapilla","Rufous-capped Spinetail","Ovenbirds","Aves","Passeriformes","Furnariidae","Synallaxis","Syn.ruficapilla"
"Syndactyla rufosuperciliata","Buff-browed Foliage-gleaner","Ovenbirds","Aves","Passeriformes","Furnariidae","Syndactyla","Syn.rufosuperciliata"
"Tachyphonus coronatus","Ruby-crowned Tanager","Tanagers & Allies","Aves","Passeriformes","Thraupidae","Tachyphonus","Tac.coronatus"
"Thamnophilus caerulescens","Variable Antshrike","Antbirds","Aves","Passeriformes","Thamnophilidae","Thamnophilus","Tha.caerulescens"
"Trichothraupis melanops","Black-goggled Tanager","Tanagers & Allies","Aves","Passeriformes","Thraupidae","Trichothraupis","Tri.melanops"
"Turdus albicollis","White-necked Thrush","Thrushes","Aves","Passeriformes","Turdidae","Turdus","Tur.albicollis"
"Turdus rufiventris","Rufous-bellied Thrush","Thrushes","Aves","Passeriformes","Turdidae","Turdus","Tur.rufiventris"
"Xiphocolaptes albicollis","White-throated Woodcreeper","Ovenbirds","Aves","Passeriformes","Furnariidae","Xiphocolaptes","Xip.albicollis"
"Chamaeza campanisona","Short-tailed Antthrush","Antthrushes","Aves","Passeriformes","Formicariidae","Chamaeza","Cha.campanisona"
"Chiroxiphia caudata","Blue Manakin","Manakins","Aves","Passeriformes","Pipridae","Chiroxiphia","Chi.caudata"
"Conopophaga lineata","Rufous Gnateater","Gnateaters","Aves","Passeriformes","Conopophagidae","Conopophaga","Con.lineata"
"Dendrocolaptes platyrostris","Planalto Woodcreeper","Ovenbirds","Aves","Passeriformes","Furnariidae","Dendrocolaptes","Den.platyrostris"
"Drymophila ochropyga","Ochre-rumped Antbird","Antbirds","Aves","Passeriformes","Thamnophilidae","Drymophila","Dry.ochropyga"
"Dysithamnus mentalis","Plain Antvireo","Antbirds","Aves","Passeriformes","Thamnophilidae","Dysithamnus","Dys.mentalis"
"Euphonia pectoralis","Chestnut-bellied Euphonia","Finches, Euphonias","Aves","Passeriformes","Fringillidae","Euphonia","Eup.pectoralis"
"Habia rubica","Red-crowned Ant Tanager","Cardinals & Allies","Aves","Passeriformes","Cardinalidae","Habia","Hab.rubica"
"Lathrotriccus euleri","Euler's Flycatcher","Tyrant Flycatchers, Calyptura","Aves","Passeriformes","Tyrannidae","Lathrotriccus","Lat.euleri"
"Basileuterus culicivorus","Golden-crowned Warbler","New World Warblers","Aves","Passeriformes","Parulidae","Basileuterus","Bas.culicivorus"
"Leptopogon amaurocephalus","Sepia-capped Flycatcher","Tyrant Flycatchers, Calyptura","Aves","Passeriformes","Tyrannidae","Leptopogon","Lep.amaurocephalus"
"Lochmias nematura","Sharp-tailed Streamcreeper","Ovenbirds","Aves","Passeriformes","Furnariidae","Lochmias","Loc.nematura"
"Myiobius barbatus","Whiskered Myiobius","Tityras, Becards, Sharpbill","Aves","Passeriformes","Tityridae","Myiobius","Myi.barbatus"
"Myrmoderus squamosus","Squamate Antbird","Antbirds","Aves","Passeriformes","Thamnophilidae","Myrmoderus","Myr.squamosus"
"Rhopias gularis","Star-throated Antwren","Antbirds","Aves","Passeriformes","Thamnophilidae","Rhopias","Rho.gularis"
"Neopelma chrysolophum","Serra do Mar Tyrant-Manakin","Manakins","Aves","Passeriformes","Pipridae","Neopelma","Neo.chrysolophum"
"Onychorhynchus swainsoni","Atlantic Royal Flycatcher","Tityras, Becards, Sharpbill","Aves","Passeriformes","Tityridae","Onychorhynchus","Ony.swainsoni"
"Myiothlypis leucoblephara","White-rimmed Warbler","New World Warblers","Aves","Passeriformes","Parulidae","Myiothlypis","Myi.leucoblephara"
"Anabacerthia amaurotis","White-browed Foliage-gleaner","Ovenbirds","Aves","Passeriformes","Furnariidae","Anabacerthia","Ana.amaurotis"
"Anabazenops fuscus","White-collared Foliage-gleaner","Ovenbirds","Aves","Passeriformes","Furnariidae","Anabazenops","Ana.fuscus"
"Automolus leucophthalmus","White-eyed Foliage-gleaner","Ovenbirds","Aves","Passeriformes","Furnariidae","Automolus","Aut.leucophthalmus"
"Xiphorhynchus fuscus","Lesser Woodcreeper","Ovenbirds","Aves","Passeriformes","Furnariidae","Xiphorhynchus","Xip.fuscus"
"Sittasomus griseicapillus","Olivaceous Woodcreeper","Ovenbirds","Aves","Passeriformes","Furnariidae","Sittasomus","Sit.griseicapillus"
"Attila rufus","Grey-hooded Attila","Tyrant Flycatchers, Calyptura","Aves","Passeriformes","Tyrannidae","Attila","Att.rufus"
"Batara cinerea","Giant Antshrike","Antbirds","Aves","Passeriformes","Thamnophilidae","Batara","Bat.cinerea"
"Carpornis cucullata","Hooded Berryeater","Cotingas","Aves","Passeriformes","Cotingidae","Carpornis","Car.cucullata"
"Cichlocolaptes leucophrus","Pale-browed Treehunter","Ovenbirds","Aves","Passeriformes","Furnariidae","Cichlocolaptes","Cic.leucophrus"
"Conopophaga melanops","Black-cheeked Gnateater","Gnateaters","Aves","Passeriformes","Conopophagidae","Conopophaga","Con.melanops"
"Dendrocincla turdina","Plain-winged Woodcreeper","Ovenbirds","Aves","Passeriformes","Furnariidae","Dendrocincla","Den.turdina"
"Elaenia mesoleuca","Olivaceous Elaenia","Tyrant Flycatchers, Calyptura","Aves","Passeriformes","Tyrannidae","Elaenia","Ela.mesoleuca"
"Formicarius colma","Rufous-capped Antthrush","Antthrushes","Aves","Passeriformes","Formicariidae","Formicarius","For.colma"
"Grallaria varia","Variegated Antpitta","Antpittas","Aves","Passeriformes","Grallariidae","Grallaria","Gra.varia"
"Haplospiza unicolor","Uniform Finch","Tanagers & Allies","Aves","Passeriformes","Thraupidae","Haplospiza","Hap.unicolor"
"Heliobletus contaminatus","Sharp-billed Treehunter","Ovenbirds","Aves","Passeriformes","Furnariidae","Heliobletus","Hel.contaminatus"
"Ilicura militaris","Pin-tailed Manakin","Manakins","Aves","Passeriformes","Pipridae","Ilicura","Ili.militaris"
"Lepidocolaptes squamatus","Scaled Woodcreeper","Ovenbirds","Aves","Passeriformes","Furnariidae","Lepidocolaptes","Lep.squamatus"
"Mionectes rufiventris","Grey-hooded Flycatcher","Tyrant Flycatchers, Calyptura","Aves","Passeriformes","Tyrannidae","Mionectes","Mio.rufiventris"
"Myiarchus swainsoni","Swainson's Flycatcher","Tyrant Flycatchers, Calyptura","Aves","Passeriformes","Tyrannidae","Myiarchus","Myi.swainsoni"
"Orthogonys chloricterus","Olive-green Tanager","Mitrospingid Tanagers","Aves","Passeriformes","Mitrospingidae","Orthogonys","Ort.chloricterus"
"Philydor atricapillus","Black-capped Foliage-gleaner","Ovenbirds","Aves","Passeriformes","Furnariidae","Philydor","Phi.atricapillus"
"Turdus flavipes","Yellow-legged Thrush","Thrushes","Aves","Passeriformes","Turdidae","Turdus","Tur.flavipes"
"Tangara cyanoptera","Tanagers & Allies: Tangara cyanoptera","Tanagers & Allies","Aves","Passeriformes","Thraupidae","Tangara","Tan.cyanoptera"
"Xenops minutus","Plain Xenops","Ovenbirds","Aves","Passeriformes","Furnariidae","Xenops","Xen.minutus"
"Accipiter poliogaster","Grey-bellied Hawk","Kites, Hawks, Eagles","Aves","Accipitriformes","Accipitridae","Accipiter","Acc.poliogaster"
"Micrastur ruficollis","Barred Forest Falcon","Caracaras, Falcons","Aves","Falconiformes","Falconidae","Micrastur","Mic.ruficollis"
"Geotrygon montana","Ruddy Quail-Dove","Pigeons, Doves","Aves","Columbiformes","Columbidae","Geotrygon","Geo.montana"
"Glaucidium minutissimum","East Brazilian Pygmy Owl","Owls","Aves","Strigiformes","Strigidae","Glaucidium","Gla.minutissimum"
"Clytolaema rubricauda","Brazilian Ruby","Hummingbirds","Aves","Apodiformes","Trochilidae","Clytolaema","Cly.rubricauda"
"Florisuga fusca","Black Jacobin","Hummingbirds","Aves","Apodiformes","Trochilidae","Florisuga","Flo.fusca"
"Phaethornis eurynome","Scale-throated Hermit","Hummingbirds","Aves","Apodiformes","Trochilidae","Phaethornis","Pha.eurynome"
"Thalurania glaucopis","Violet-capped Woodnymph","Hummingbirds","Aves","Apodiformes","Trochilidae","Thalurania","Tha.glaucopis"
"Trogon rufus","Black-throated Trogon","Trogons","Aves","Trogoniformes","Trogonidae","Trogon","Tro.rufus"
"Baryphthengus ruficapillus","Rufous-capped Motmot","Motmots","Aves","Coraciiformes","Momotidae","Baryphthengus","Bar.ruficapillus"
"Veniliornis spilogaster","White-spotted Woodpecker","Woodpeckers","Aves","Piciformes","Picidae","Veniliornis","Ven.spilogaster"
"Drymophila ferruginea","Ferruginous Antbird","Antbirds","Aves","Passeriformes","Thamnophilidae","Drymophila","Dry.ferruginea"
"Hemitriccus obsoletus","Brown-breasted Bamboo Tyrant","Tyrant Flycatchers, Calyptura","Aves","Passeriformes","Tyrannidae","Hemitriccus","Hem.obsoletus"
"Arremon flavirostris","Saffron-billed Sparrow","New World Sparrows","Aves","Passeriformes","Passerellidae","Arremon","Arr.flavirostris"
"Lipaugus lanioides","Cinnamon-vented Piha","Cotingas","Aves","Passeriformes","Cotingidae","Lipaugus","Lip.lanioides"
"Myiornis auricularis","Eared Pygmy Tyrant","Tyrant Flycatchers, Calyptura","Aves","Passeriformes","Tyrannidae","Myiornis","Myi.auricularis"
"Pachyramphus validus","Crested Becard","Tityras, Becards, Sharpbill","Aves","Passeriformes","Tityridae","Pachyramphus","Pac.validus"
"Myiothlypis rivularis","Riverbank Warbler","New World Warblers","Aves","Passeriformes","Parulidae","Myiothlypis","Myi.rivularis"
"Philydor rufum","Ovenbirds: Philydor rufum","Ovenbirds","Aves","Passeriformes","Furnariidae","Philydor","Phi.rufum"
"Phylloscartes oustaleti","Oustalet's Tyrannulet","Tyrant Flycatchers, Calyptura","Aves","Passeriformes","Tyrannidae","Phylloscartes","Phy.oustaleti"
"Leptotila verreauxi","White-tipped Dove","Pigeons, Doves","Aves","Columbiformes","Columbidae","Leptotila","Lep.verreauxi"
"Amazilia versicolor","Hummingbirds: Amazilia versicolor","Hummingbirds","Aves","Apodiformes","Trochilidae","Amazilia","Ama.versicolor"
"Phaethornis pretrei","Planalto Hermit","Hummingbirds","Aves","Apodiformes","Trochilidae","Phaethornis","Pha.pretrei"
"Phaethornis squalidus","Dusky-throated Hermit","Hummingbirds","Aves","Apodiformes","Trochilidae","Phaethornis","Pha.squalidus"
"Ramphodon naevius","Saw-billed Hermit","Hummingbirds","Aves","Apodiformes","Trochilidae","Ramphodon","Ram.naevius"
"Malacoptila striata","Crescent-chested Puffbird","Puffbirds","Aves","Piciformes","Bucconidae","Malacoptila","Mal.striata"
"Nonnula rubecula","Rusty-breasted Nunlet","Puffbirds","Aves","Piciformes","Bucconidae","Nonnula","Non.rubecula"
"Pteroglossus bailloni","Saffron Toucanet","Toucans","Aves","Piciformes","Ramphastidae","Pteroglossus","Pte.bailloni"
"Selenidera maculirostris","Spot-billed Toucanet","Toucans","Aves","Piciformes","Ramphastidae","Selenidera","Sel.maculirostris"
"Celeus flavescens","Blond-crested Woodpecker","Woodpeckers","Aves","Piciformes","Picidae","Celeus","Cel.flavescens"
"Synallaxis cinerascens","Grey-bellied Spinetail","Ovenbirds","Aves","Passeriformes","Furnariidae","Synallaxis","Syn.cinerascens"
"Turdus subalaris","Blacksmith Thrush","Thrushes","Aves","Passeriformes","Turdidae","Turdus","Tur.subalaris"
"Cacicus chrysopterus","Golden-winged Cacique","Oropendolas, Orioles, Blackbirds","Aves","Passeriformes","Icteridae","Cacicus","Cac.chrysopterus"
"Camptostoma obsoletum","Southern Beardless Tyrannulet","Tyrant Flycatchers, Calyptura","Aves","Passeriformes","Tyrannidae","Camptostoma","Cam.obsoletum"
"Cyclarhis gujanensis","Rufous-browed Peppershrike","Vireos, Greenlets, Shrike-babblers","Aves","Passeriformes","Vireonidae","Cyclarhis","Cyc.gujanensis"
"Dysithamnus xanthopterus","Rufous-backed Antvireo","Antbirds","Aves","Passeriformes","Thamnophilidae","Dysithamnus","Dys.xanthopterus"
"Oxyruncus cristatus","Sharpbill","Tityras, Becards, Sharpbill","Aves","Passeriformes","Tityridae","Oxyruncus","Oxy.cristatus"
"Phylloscartes ventralis","Mottle-cheeked Tyrannulet","Tyrant Flycatchers, Calyptura","Aves","Passeriformes","Tyrannidae","Phylloscartes","Phy.ventralis"
"Pipraeidea melanonota","Fawn-breasted Tanager","Tanagers & Allies","Aves","Passeriformes","Thraupidae","Pipraeidea","Pip.melanonota"
"Procnias nudicollis","Bare-throated Bellbird","Cotingas","Aves","Passeriformes","Cotingidae","Procnias","Pro.nudicollis"
"Tangara cyanocephala","Red-necked Tanager","Tanagers & Allies","Aves","Passeriformes","Thraupidae","Tangara","Tan.cyanocephala"
"Tangara desmaresti","Brassy-breasted Tanager","Tanagers & Allies","Aves","Passeriformes","Thraupidae","Tangara","Tan.desmaresti"
"Turdus leucomelas","Pale-breasted Thrush","Thrushes","Aves","Passeriformes","Turdidae","Turdus","Tur.leucomelas"
"Crypturellus obsoletus","Brown Tinamou","Tinamous","Aves","Tinamiformes","Tinamidae","Crypturellus","Cry.obsoletus"
"Leucochloris albicollis","White-throated Hummingbird","Hummingbirds","Aves","Apodiformes","Trochilidae","Leucochloris","Leu.albicollis"
"Trogon surrucura","Surucua Trogon","Trogons","Aves","Trogoniformes","Trogonidae","Trogon","Tro.surrucura"
"Ramphastos dicolorus","Green-billed Toucan","Toucans","Aves","Piciformes","Ramphastidae","Ramphastos","Ram.dicolorus"
"Campylorhamphus falcularius","Black-billed Scythebill","Ovenbirds","Aves","Passeriformes","Furnariidae","Campylorhamphus","Cam.falcularius"
"Xenops rutilans","Streaked Xenops","Ovenbirds","Aves","Passeriformes","Furnariidae","Xenops","Xen.rutilans"
"Tityra cayana","Black-tailed Tityra","Tityras, Becards, Sharpbill","Aves","Passeriformes","Tityridae","Tityra","Tit.cayana"
"Myiodynastes maculatus","Streaked Flycatcher","Tyrant Flycatchers, Calyptura","Aves","Passeriformes","Tyrannidae","Myiodynastes","Myi.maculatus"
"Stephanophorus diadematus","Diademed Tanager","Tanagers & Allies","Aves","Passeriformes","Thraupidae","Stephanophorus","Ste.diadematus"
"Tangara ornata","Tanagers & Allies: Tangara ornata","Tanagers & Allies","Aves","Passeriformes","Thraupidae","Tangara","Tan.ornata"
"Tiaris fuliginosus","Tanagers & Allies: Tiaris fuliginosus","Tanagers & Allies","Aves","Passeriformes","Thraupidae","Tiaris","Tia.fuliginosus"
"Saltator similis","Green-winged Saltator","Tanagers & Allies","Aves","Passeriformes","Thraupidae","Saltator","Sal.similis"
"Tolmomyias sulphurescens","Yellow-olive Flatbill","Tyrant Flycatchers, Calyptura","Aves","Passeriformes","Tyrannidae","Tolmomyias","Tol.sulphurescens"
"Manacus manacus","White-bearded Manakin","Manakins","Aves","Passeriformes","Pipridae","Manacus","Man.manacus"
"Myrmoderus loricatus","White-bibbed Antbird","Antbirds","Aves","Passeriformes","Thamnophilidae","Myrmoderus","Myr.loricatus"
"Tangara cyanoventris","Gilt-edged Tanager","Tanagers & Allies","Aves","Passeriformes","Thraupidae","Tangara","Tan.cyanoventris"
"Hemitriccus diops","Drab-breasted Bamboo Tyrant","Tyrant Flycatchers, Calyptura","Aves","Passeriformes","Tyrannidae","Hemitriccus","Hem.diops"
"Drymophila squamata","Scaled Antbird","Antbirds","Aves","Passeriformes","Thamnophilidae","Drymophila","Dry.squamata"
"Dysithamnus plumbeus","Plumbeous Antvireo","Antbirds","Aves","Passeriformes","Thamnophilidae","Dysithamnus","Dys.plumbeus"
"Pachyramphus polychopterus","White-winged Becard","Tityras, Becards, Sharpbill","Aves","Passeriformes","Tityridae","Pachyramphus","Pac.polychopterus"
"Pitangus sulphuratus","Great Kiskadee","Tyrant Flycatchers, Calyptura","Aves","Passeriformes","Tyrannidae","Pitangus","Pit.sulphuratus"
"Saltator fuliginosus","Black-throated Grosbeak","Tanagers & Allies","Aves","Passeriformes","Thraupidae","Saltator","Sal.fuliginosus"
"Synallaxis spixi","Spix's Spinetail","Ovenbirds","Aves","Passeriformes","Furnariidae","Synallaxis","Syn.spixi"
"Tangara sayaca","Tanagers & Allies: Tangara sayaca","Tanagers & Allies","Aves","Passeriformes","Thraupidae","Tangara","Tan.sayaca"
"Turdus amaurochalinus","Creamy-bellied Thrush","Thrushes","Aves","Passeriformes","Turdidae","Turdus","Tur.amaurochalinus"
"Vireo chivi","Chivi Vireo","Vireos, Greenlets, Shrike-babblers","Aves","Passeriformes","Vireonidae","Vireo","Vir.chivi"
"Volatinia jacarina","Blue-black Grassquit","Tanagers & Allies","Aves","Passeriformes","Thraupidae","Volatinia","Vol.jacarina"
"Cnemotriccus fuscatus","Fuscous Flycatcher","Tyrant Flycatchers, Calyptura","Aves","Passeriformes","Tyrannidae","Cnemotriccus","Cne.fuscatus"
"Coereba flaveola","Bananaquit","Tanagers & Allies","Aves","Passeriformes","Thraupidae","Coereba","Coe.flaveola"
"Conirostrum speciosum","Chestnut-vented Conebill","Tanagers & Allies","Aves","Passeriformes","Thraupidae","Conirostrum","Con.speciosum"
"Rupornis magnirostris","Roadside Hawk","Kites, Hawks, Eagles","Aves","Accipitriformes","Accipitridae","Rupornis","Rup.magnirostris"
"Columbina talpacoti","Ruddy Ground Dove","Pigeons, Doves","Aves","Columbiformes","Columbidae","Columbina","Col.talpacoti"
"Columbina squammata","Scaled Dove","Pigeons, Doves","Aves","Columbiformes","Columbidae","Columbina","Col.squammata"
"Leptotila rufaxilla","Grey-fronted Dove","Pigeons, Doves","Aves","Columbiformes","Columbidae","Leptotila","Lep.rufaxilla"
"Forpus xanthopterygius","Cobalt-rumped Parrotlet","African & New World Parrots","Aves","Psittaciformes","Psittacidae","Forpus","For.xanthopterygius"
"Piaya cayana","Squirrel Cuckoo","Cuckoos","Aves","Cuculiformes","Cuculidae","Piaya","Pia.cayana"
"Crotophaga ani","Smooth-billed Ani","Cuckoos","Aves","Cuculiformes","Cuculidae","Crotophaga","Cro.ani"
"Tapera naevia","Striped Cuckoo","Cuckoos","Aves","Cuculiformes","Cuculidae","Tapera","Tap.naevia"
"Chlorostilbon lucidus","Glittering-bellied Emerald","Hummingbirds","Aves","Apodiformes","Trochilidae","Chlorostilbon","Chl.lucidus"
"Amazilia lactea","Hummingbirds: Amazilia lactea","Hummingbirds","Aves","Apodiformes","Trochilidae","Amazilia","Ama.lactea"
"Picumnus albosquamatus","White-wedged Piculet","Woodpeckers","Aves","Piciformes","Picidae","Picumnus","Pic.albosquamatus"
"Colaptes campestris","Campo Flicker","Woodpeckers","Aves","Piciformes","Picidae","Colaptes","Col.campestris"
"Colaptes melanochloros","Green-barred Woodpecker","Woodpeckers","Aves","Piciformes","Picidae","Colaptes","Col.melanochloros"
"Dryocopus lineatus","Lineated Woodpecker","Woodpeckers","Aves","Piciformes","Picidae","Dryocopus","Dry.lineatus"
"Veniliornis passerinus","Little Woodpecker","Woodpeckers","Aves","Piciformes","Picidae","Veniliornis","Ven.passerinus"
"Lepidocolaptes angustirostris","Narrow-billed Woodcreeper","Ovenbirds","Aves","Passeriformes","Furnariidae","Lepidocolaptes","Lep.angustirostris"
"Synallaxis albescens","Pale-breasted Spinetail","Ovenbirds","Aves","Passeriformes","Furnariidae","Synallaxis","Syn.albescens"
"Thamnophilus doliatus","Barred Antshrike","Antbirds","Aves","Passeriformes","Thamnophilidae","Thamnophilus","Tha.doliatus"
"Tyrannus melancholicus","Tropical Kingbird","Tyrant Flycatchers, Calyptura","Aves","Passeriformes","Tyrannidae","Tyrannus","Tyr.melancholicus"
"Myiopagis viridicata","Greenish Elaenia","Tyrant Flycatchers, Calyptura","Aves","Passeriformes","Tyrannidae","Myiopagis","Myi.viridicata"
"Elaenia flavogaster","Yellow-bellied Elaenia","Tyrant Flycatchers, Calyptura","Aves","Passeriformes","Tyrannidae","Elaenia","Ela.flavogaster"
"Serpophaga subcristata","White-crested Tyrannulet","Tyrant Flycatchers, Calyptura","Aves","Passeriformes","Tyrannidae","Serpophaga","Ser.subcristata"
"Myiophobus fasciatus","Bran-colored Flycatcher","Tyrant Flycatchers, Calyptura","Aves","Passeriformes","Tyrannidae","Myiophobus","Myi.fasciatus"
"Satrapa icterophrys","Yellow-browed Tyrant","Tyrant Flycatchers, Calyptura","Aves","Passeriformes","Tyrannidae","Satrapa","Sat.icterophrys"
"Knipolegus cyanirostris","Blue-billed Black Tyrant","Tyrant Flycatchers, Calyptura","Aves","Passeriformes","Tyrannidae","Knipolegus","Kni.cyanirostris"
"Myiarchus tyrannulus","Brown-crested Flycatcher","Tyrant Flycatchers, Calyptura","Aves","Passeriformes","Tyrannidae","Myiarchus","Myi.tyrannulus"
"Empidonomus varius","Variegated Flycatcher","Tyrant Flycatchers, Calyptura","Aves","Passeriformes","Tyrannidae","Empidonomus","Emp.varius"
"Troglodytes musculus","Wrens: Troglodytes musculus","Wrens","Aves","Passeriformes","Troglodytidae","Troglodytes","Tro.musculus"
"Mimus saturninus","Chalk-browed Mockingbird","Mockingbirds, Thrashers","Aves","Passeriformes","Mimidae","Mimus","Mim.saturninus"
"Thlypopsis sordida","Orange-headed Tanager","Tanagers & Allies","Aves","Passeriformes","Thraupidae","Thlypopsis","Thl.sordida"
"Ramphocelus carbo","Silver-beaked Tanager","Tanagers & Allies","Aves","Passeriformes","Thraupidae","Ramphocelus","Ram.carbo"
"Euphonia violacea","Violaceous Euphonia","Finches, Euphonias","Aves","Passeriformes","Fringillidae","Euphonia","Eup.violacea"
"Tangara cayana","Tanagers & Allies: Tangara cayana","Tanagers & Allies","Aves","Passeriformes","Thraupidae","Tangara","Tan.cayana"
"Zonotrichia capensis","Rufous-collared Sparrow","New World Sparrows","Aves","Passeriformes","Passerellidae","Zonotrichia","Zon.capensis"
"Sporophila caerulescens","Double-collared Seedeater","Tanagers & Allies","Aves","Passeriformes","Thraupidae","Sporophila","Spo.caerulescens"
"Coryphospingus cucullatus","Red Pileated Finch","Tanagers & Allies","Aves","Passeriformes","Thraupidae","Coryphospingus","Cor.cucullatus"
"Molothrus bonariensis","Shiny Cowbird","Oropendolas, Orioles, Blackbirds","Aves","Passeriformes","Icteridae","Molothrus","Mol.bonariensis"
"Dacnis cayana","Blue Dacnis","Tanagers & Allies","Aves","Passeriformes","Thraupidae","Dacnis","Dac.cayana"
"Elaenia obscura","Highland Elaenia","Tyrant Flycatchers, Calyptura","Aves","Passeriformes","Tyrannidae","Elaenia","Ela.obscura"
"Podager nacunda","Nightjars: Podager nacunda","Nightjars","Aves","Caprimulgiformes","Caprimulgidae","Podager","Pod.nacunda"
"Nyctidromus albicollis","Pauraque","Nightjars","Aves","Caprimulgiformes","Caprimulgidae","Nyctidromus","Nyc.albicollis"
"Megascops choliba","Tropical Screech Owl","Owls","Aves","Strigiformes","Strigidae","Megascops","Meg.choliba"
"Chlorestes notata","Blue-chinned Sapphire","Hummingbirds","Aves","Apodiformes","Trochilidae","Chlorestes","Chl.notata"
"Antilophia galeata","Helmeted Manakin","Manakins","Aves","Passeriformes","Pipridae","Antilophia","Ant.galeata"
"Megarynchus pitangua","Boat-billed Flycatcher","Tyrant Flycatchers, Calyptura","Aves","Passeriformes","Tyrannidae","Megarynchus","Meg.pitangua"
"Geothlypis aequinoctialis","Masked Yellowthroat","New World Warblers","Aves","Passeriformes","Parulidae","Geothlypis","Geo.aequinoctialis"
"Schistochlamys ruficapillus","Cinnamon Tanager","Tanagers & Allies","Aves","Passeriformes","Thraupidae","Schistochlamys","Sch.ruficapillus"
"Ammodramus humeralis","Grassland Sparrow","New World Sparrows","Aves","Passeriformes","Passerellidae","Ammodramus","Amm.humeralis"
"Casiornis rufus","Rufous Casiornis","Tyrant Flycatchers, Calyptura","Aves","Passeriformes","Tyrannidae","Casiornis","Cas.rufus"
"Hemitriccus nidipendulus","Hangnest Tody-Tyrant","Tyrant Flycatchers, Calyptura","Aves","Passeriformes","Tyrannidae","Hemitriccus","Hem.nidipendulus"
"Hemitriccus margaritaceiventer","Pearly-vented Tody-Tyrant","Tyrant Flycatchers, Calyptura","Aves","Passeriformes","Tyrannidae","Hemitriccus","Hem.margaritaceiventer"
"Phylloscartes eximius","Tyrant Flycatchers, Calyptura: Phylloscartes eximius","Tyrant Flycatchers, Calyptura","Aves","Passeriformes","Tyrannidae","Phylloscartes","Phy.eximius"
"Phyllomyias fasciatus","Planalto Tyrannulet","Tyrant Flycatchers, Calyptura","Aves","Passeriformes","Tyrannidae","Phyllomyias","Phy.fasciatus"
"Cyanocorax chrysops","Plush-crested Jay","Crows, Jays","Aves","Passeriformes","Corvidae","Cyanocorax","Cya.chrysops"
"Poecilotriccus plumbeiceps","Ochre-faced Tody-Flycatcher","Tyrant Flycatchers, Calyptura","Aves","Passeriformes","Tyrannidae","Poecilotriccus","Poe.plumbeiceps"
"Stephanoxis lalandi","Green-crowned Plovercrest","Hummingbirds","Aves","Apodiformes","Trochilidae","Stephanoxis","Ste.lalandi"
"Picumnus cirratus","White-barred Piculet","Woodpeckers","Aves","Piciformes","Picidae","Picumnus","Pic.cirratus"
"Tolmomyias poliocephalus","Grey-crowned Flatbill","Tyrant Flycatchers, Calyptura","Aves","Passeriformes","Tyrannidae","Tolmomyias","Tol.poliocephalus"
"Hylophilus poicilotis","Rufous-crowned Greenlet","Vireos, Greenlets, Shrike-babblers","Aves","Passeriformes","Vireonidae","Hylophilus","Hyl.poicilotis"
"Chloroceryle americana","Green Kingfisher","Kingfishers","Aves","Coraciiformes","Alcedinidae","Chloroceryle","Chl.americana"
"Elaenia parvirostris","Small-billed Elaenia","Tyrant Flycatchers, Calyptura","Aves","Passeriformes","Tyrannidae","Elaenia","Ela.parvirostris"
"Elaenia cristata","Plain-crested Elaenia","Tyrant Flycatchers, Calyptura","Aves","Passeriformes","Tyrannidae","Elaenia","Ela.cristata"
"Amazilia fimbriata","Hummingbirds: Amazilia fimbriata","Hummingbirds","Aves","Apodiformes","Trochilidae","Amazilia","Ama.fimbriata"
"Cacicus haemorrhous","Red-rumped Cacique","Oropendolas, Orioles, Blackbirds","Aves","Passeriformes","Icteridae","Cacicus","Cac.haemorrhous"
"Tangara palmarum","Tanagers & Allies: Tangara palmarum","Tanagers & Allies","Aves","Passeriformes","Thraupidae","Tangara","Tan.palmarum"
"Ramphocelus bresilius","Tanagers & Allies: Ramphocelus bresilius","Tanagers & Allies","Aves","Passeriformes","Thraupidae","Ramphocelus","Ram.bresilius"
"Lanio cristatus","Tanagers & Allies: Lanio cristatus","Tanagers & Allies","Aves","Passeriformes","Thraupidae","Lanio","Lan.cristatus"
"Saltator maximus","Buff-throated Saltator","Tanagers & Allies","Aves","Passeriformes","Thraupidae","Saltator","Sal.maximus"
"Laniisoma elegans","Brazilian Laniisoma","Tityras, Becards, Sharpbill","Aves","Passeriformes","Tityridae","Laniisoma","Lan.elegans"
"Machaeropterus regulus","Kinglet Manakin","Manakins","Aves","Passeriformes","Pipridae","Machaeropterus","Mac.regulus"
"Mionectes oleagineus","Ochre-bellied Flycatcher","Tyrant Flycatchers, Calyptura","Aves","Passeriformes","Tyrannidae","Mionectes","Mio.oleagineus"
"Euphonia xanthogaster","Orange-bellied Euphonia","Finches, Euphonias","Aves","Passeriformes","Fringillidae","Euphonia","Eup.xanthogaster"
"Crypturellus tataupa","Tataupa Tinamou","Tinamous","Aves","Tinamiformes","Tinamidae","Crypturellus","Cry.tataupa"
"Claravis pretiosa","Blue Ground Dove","Pigeons, Doves","Aves","Columbiformes","Columbidae","Claravis","Cla.pretiosa"
"Phaethornis ruber","Reddish Hermit","Hummingbirds","Aves","Apodiformes","Trochilidae","Phaethornis","Pha.ruber"
"Hylocharis sapphirina","Rufous-throated Sapphire","Hummingbirds","Aves","Apodiformes","Trochilidae","Hylocharis","Hyl.sapphirina"
"Hylocharis cyanus","Hummingbirds: Hylocharis cyanus","Hummingbirds","Aves","Apodiformes","Trochilidae","Hylocharis","Hyl.cyanus"
"Glaucis hirsutus","Rufous-breasted Hermit","Hummingbirds","Aves","Apodiformes","Trochilidae","Glaucis","Gla.hirsutus"
"Galbula ruficauda","Rufous-tailed Jacamar","Jacamars","Aves","Piciformes","Galbulidae","Galbula","Gal.ruficauda"
"Tolmomyias flaviventris","Ochre-lored Flatbill","Tyrant Flycatchers, Calyptura","Aves","Passeriformes","Tyrannidae","Tolmomyias","Tol.flaviventris"
"Cantorchilus longirostris","Long-billed Wren","Wrens","Aves","Passeriformes","Troglodytidae","Cantorchilus","Can.longirostris"
"Hemithraupis flavicollis","Yellow-backed Tanager","Tanagers & Allies","Aves","Passeriformes","Thraupidae","Hemithraupis","Hem.flavicollis"
"Myrmotherula axillaris","White-flanked Antwren","Antbirds","Aves","Passeriformes","Thamnophilidae","Myrmotherula","Myr.axillaris"
"Myrmotherula unicolor","Unicolored Antwren","Antbirds","Aves","Passeriformes","Thamnophilidae","Myrmotherula","Myr.unicolor"
"Hemitriccus orbitatus","Eye-ringed Tody-Tyrant","Tyrant Flycatchers, Calyptura","Aves","Passeriformes","Tyrannidae","Hemitriccus","Hem.orbitatus"
"Veniliornis maculifrons","Yellow-eared Woodpecker","Woodpeckers","Aves","Piciformes","Picidae","Veniliornis","Ven.maculifrons"
"Chloroceryle aenea","American Pygmy Kingfisher","Kingfishers","Aves","Coraciiformes","Alcedinidae","Chloroceryle","Chl.aenea"
"Corythopis delalandi","Southern Antpipit","Tyrant Flycatchers, Calyptura","Aves","Passeriformes","Tyrannidae","Corythopis","Cor.delalandi"
"Pheugopedius genibarbis","Moustached Wren","Wrens","Aves","Passeriformes","Troglodytidae","Pheugopedius","Phe.genibarbis"
"Picumnus temminckii","Ochre-collared Piculet","Woodpeckers","Aves","Piciformes","Picidae","Picumnus","Pic.temminckii"
"Setophaga pitiayumi","Tropical Parula","New World Warblers","Aves","Passeriformes","Parulidae","Setophaga","Set.pitiayumi"
"Phacellodomus erythrophthalmus","Orange-eyed Thornbird","Ovenbirds","Aves","Passeriformes","Furnariidae","Phacellodomus","Pha.erythrophthalmus"
"Formicivora serrana","Serra Antwren","Antbirds","Aves","Passeriformes","Thamnophilidae","Formicivora","For.serrana"
"Mackenziaena severa","Tufted Antshrike","Antbirds","Aves","Passeriformes","Thamnophilidae","Mackenziaena","Mac.severa"
"Arremon taciturnus","Pectoral Sparrow","New World Sparrows","Aves","Passeriformes","Passerellidae","Arremon","Arr.taciturnus"
"Myiobius atricaudus","Black-tailed Myiobius","Tityras, Becards, Sharpbill","Aves","Passeriformes","Tityridae","Myiobius","Myi.atricaudus"
"Cyanoloxia brissonii","Ultramarine Grosbeak","Cardinals & Allies","Aves","Passeriformes","Cardinalidae","Cyanoloxia","Cya.brissonii"
"Phaethornis idaliae","Minute Hermit","Hummingbirds","Aves","Apodiformes","Trochilidae","Phaethornis","Pha.idaliae"
"Eleoscytalopus indigoticus","White-breasted Tapaculo","Tapaculos","Aves","Passeriformes","Rhinocryptidae","Eleoscytalopus","Ele.indigoticus"
"Aphantochroa cirrochloris","Hummingbirds: Aphantochroa cirrochloris","Hummingbirds","Aves","Apodiformes","Trochilidae","Aphantochroa","Aph.cirrochloris"
"Myiothlypis flaveola","Flavescent Warbler","New World Warblers","Aves","Passeriformes","Parulidae","Myiothlypis","Myi.flaveola"
"Thamnophilus ruficapillus","Rufous-capped Antshrike","Antbirds","Aves","Passeriformes","Thamnophilidae","Thamnophilus","Tha.ruficapillus"
"Herpsilochmus atricapillus","Black-capped Antwren","Antbirds","Aves","Passeriformes","Thamnophilidae","Herpsilochmus","Her.atricapillus"
"Phaeomyias murina","Mouse-colored Tyrannulet","Tyrant Flycatchers, Calyptura","Aves","Passeriformes","Tyrannidae","Phaeomyias","Pha.murina"
"Sporophila nigricollis","Yellow-bellied Seedeater","Tanagers & Allies","Aves","Passeriformes","Thraupidae","Sporophila","Spo.nigricollis"
"Capsiempis flaveola","Yellow Tyrannulet","Tyrant Flycatchers, Calyptura","Aves","Passeriformes","Tyrannidae","Capsiempis","Cap.flaveola"
"Ramphotrigon megacephalum","Large-headed Flatbill","Tyrant Flycatchers, Calyptura","Aves","Passeriformes","Tyrannidae","Ramphotrigon","Ram.megacephalum"
"Myiarchus ferox","Short-crested Flycatcher","Tyrant Flycatchers, Calyptura","Aves","Passeriformes","Tyrannidae","Myiarchus","Myi.ferox"
"Arremon semitorquatus","Half-collared Sparrow","New World Sparrows","Aves","Passeriformes","Passerellidae","Arremon","Arr.semitorquatus"
"Stelgidopteryx ruficollis","Southern Rough-winged Swallow","Swallows, Martins","Aves","Passeriformes","Hirundinidae","Stelgidopteryx","Ste.ruficollis"
"Eupetomena macroura","Swallow-tailed Hummingbird","Hummingbirds","Aves","Apodiformes","Trochilidae","Eupetomena","Eup.macroura"
"Colibri serrirostris","White-vented Violetear","Hummingbirds","Aves","Apodiformes","Trochilidae","Colibri","Col.serrirostris"
"Calliphlox amethystina","Amethyst Woodstar","Hummingbirds","Aves","Apodiformes","Trochilidae","Calliphlox","Cal.amethystina"
"Knipolegus nigerrimus","Velvety Black Tyrant","Tyrant Flycatchers, Calyptura","Aves","Passeriformes","Tyrannidae","Knipolegus","Kni.nigerrimus"
"Piranga flava","Red Tanager","Cardinals & Allies","Aves","Passeriformes","Cardinalidae","Piranga","Pir.flava"
"Mackenziaena leachii","Large-tailed Antshrike","Antbirds","Aves","Passeriformes","Thamnophilidae","Mackenziaena","Mac.leachii"
"Amaurospiza moesta","Blackish-blue Seedeater","Cardinals & Allies","Aves","Passeriformes","Cardinalidae","Amaurospiza","Ama.moesta"
"Synallaxis cinerea","Bahia Spinetail","Ovenbirds","Aves","Passeriformes","Furnariidae","Synallaxis","Syn.cinerea"
"Myrmoderus ruficaudus","Antbirds: Myrmoderus ruficaudus","Antbirds","Aves","Passeriformes","Thamnophilidae","Myrmoderus","Myr.ruficaudus"
"Ramphocaenus melanurus","Trilling Gnatwren","Gnatcatchers","Aves","Passeriformes","Polioptilidae","Ramphocaenus","Ram.melanurus"
"Rhopornis ardesiacus","Slender Antbird","Antbirds","Aves","Passeriformes","Thamnophilidae","Rhopornis","Rho.ardesiacus"
"Thamnophilus pelzelni","Planalto Slaty Antshrike","Antbirds","Aves","Passeriformes","Thamnophilidae","Thamnophilus","Tha.pelzelni"
"Myiopagis caniceps","Grey Elaenia","Tyrant Flycatchers, Calyptura","Aves","Passeriformes","Tyrannidae","Myiopagis","Myi.caniceps"
"Synallaxis frontalis","Sooty-fronted Spinetail","Ovenbirds","Aves","Passeriformes","Furnariidae","Synallaxis","Syn.frontalis"
"Thamnophilus ambiguus","Sooretama Slaty Antshrike","Antbirds","Aves","Passeriformes","Thamnophilidae","Thamnophilus","Tha.ambiguus"
"Myrmotherula minor","Salvadori's Antwren","Antbirds","Aves","Passeriformes","Thamnophilidae","Myrmotherula","Myr.minor"
"Phylloscartes paulista","Sao Paulo Tyrannulet","Tyrant Flycatchers, Calyptura","Aves","Passeriformes","Tyrannidae","Phylloscartes","Phy.paulista"
"Cyanerpes cyaneus","Red-legged Honeycreeper","Tanagers & Allies","Aves","Passeriformes","Thraupidae","Cyanerpes","Cya.cyaneus"
"Nemosia pileata","Hooded Tanager","Tanagers & Allies","Aves","Passeriformes","Thraupidae","Nemosia","Nem.pileata"
"Dixiphia pipra","Manakins: Dixiphia pipra","Manakins","Aves","Passeriformes","Pipridae","Dixiphia","Dix.pipra"
"Euphonia chlorotica","Purple-throated Euphonia","Finches, Euphonias","Aves","Passeriformes","Fringillidae","Euphonia","Eup.chlorotica"
"Tangara seledon","Green-headed Tanager","Tanagers & Allies","Aves","Passeriformes","Thraupidae","Tangara","Tan.seledon"
"Glaucidium brasilianum","Ferruginous Pygmy Owl","Owls","Aves","Strigiformes","Strigidae","Glaucidium","Gla.brasilianum"
"Thamnomanes caesius","Cinereous Antshrike","Antbirds","Aves","Passeriformes","Thamnophilidae","Thamnomanes","Tha.caesius"
"Phyllomyias virescens","Greenish Tyrannulet","Tyrant Flycatchers, Calyptura","Aves","Passeriformes","Tyrannidae","Phyllomyias","Phy.virescens"
"Sporophila lineola","Lined Seedeater","Tanagers & Allies","Aves","Passeriformes","Thraupidae","Sporophila","Spo.lineola"
"Sporophila angolensis","Chestnut-bellied Seed Finch","Tanagers & Allies","Aves","Passeriformes","Thraupidae","Sporophila","Spo.angolensis"
"Chordeiles acutipennis","Lesser Nighthawk","Nightjars","Aves","Caprimulgiformes","Caprimulgidae","Chordeiles","Cho.acutipennis"
"Anumbius annumbi","Firewood-gatherer","Ovenbirds","Aves","Passeriformes","Furnariidae","Anumbius","Anu.annumbi"
"Todirostrum poliocephalum","Yellow-lored Tody-Flycatcher","Tyrant Flycatchers, Calyptura","Aves","Passeriformes","Tyrannidae","Todirostrum","Tod.poliocephalum"
"Euscarthmus meloryphus","Tawny-crowned Pygmy Tyrant","Tyrant Flycatchers, Calyptura","Aves","Passeriformes","Tyrannidae","Euscarthmus","Eus.meloryphus"
"Zenaida auriculata","Eared Dove","Pigeons, Doves","Aves","Columbiformes","Columbidae","Zenaida","Zen.auriculata"
"Coccyzus melacoryphus","Dark-billed Cuckoo","Cuckoos","Aves","Cuculiformes","Cuculidae","Coccyzus","Coc.melacoryphus"
"Crypturellus parvirostris","Small-billed Tinamou","Tinamous","Aves","Tinamiformes","Tinamidae","Crypturellus","Cry.parvirostris"
"Cyanoloxia cyanoides","Blue-black Grosbeak","Cardinals & Allies","Aves","Passeriformes","Cardinalidae","Cyanoloxia","Cya.cyanoides"
"Sicalis flaveola","Saffron Finch","Tanagers & Allies","Aves","Passeriformes","Thraupidae","Sicalis","Sic.flaveola"
"Cistothorus platensis","Grass Wren","Wrens","Aves","Passeriformes","Troglodytidae","Cistothorus","Cis.platensis"
"Hemithraupis guira","Guira Tanager","Tanagers & Allies","Aves","Passeriformes","Thraupidae","Hemithraupis","Hem.guira"
"Furnarius rufus","Rufous Hornero","Ovenbirds","Aves","Passeriformes","Furnariidae","Furnarius","Fur.rufus"
"Arundinicola leucocephala","White-headed Marsh Tyrant","Tyrant Flycatchers, Calyptura","Aves","Passeriformes","Tyrannidae","Arundinicola","Aru.leucocephala"
"Agelasticus cyanopus","Unicolored Blackbird","Oropendolas, Orioles, Blackbirds","Aves","Passeriformes","Icteridae","Agelasticus","Age.cyanopus"
"Taraba major","Great Antshrike","Antbirds","Aves","Passeriformes","Thamnophilidae","Taraba","Tar.major"
"Gnorimopsar chopi","Chopi Blackbird","Oropendolas, Orioles, Blackbirds","Aves","Passeriformes","Icteridae","Gnorimopsar","Gno.chopi"
"Drymophila malura","Dusky-tailed Antbird","Antbirds","Aves","Passeriformes","Thamnophilidae","Drymophila","Dry.malura"
"Microspingus lateralis","Buff-throated Warbling Finch","Tanagers & Allies","Aves","Passeriformes","Thraupidae","Microspingus","Mic.lateralis"
"Automolus rufipileatus","Chestnut-crowned Foliage-gleaner","Ovenbirds","Aves","Passeriformes","Furnariidae","Automolus","Aut.rufipileatus"
"Certhiaxis cinnamomeus","Yellow-chinned Spinetail","Ovenbirds","Aves","Passeriformes","Furnariidae","Certhiaxis","Cer.cinnamomeus"
"Leptasthenura setaria","Araucaria Tit-Spinetail","Ovenbirds","Aves","Passeriformes","Furnariidae","Leptasthenura","Lep.setaria"
"Anthracothorax nigricollis","Black-throated Mango","Hummingbirds","Aves","Apodiformes","Trochilidae","Anthracothorax","Ant.nigricollis"
"Celeus lugubris","Pale-crested Woodpecker","Woodpeckers","Aves","Piciformes","Picidae","Celeus","Cel.lugubris"
"Coccyzus americanus","Yellow-billed Cuckoo","Cuckoos","Aves","Cuculiformes","Cuculidae","Coccyzus","Coc.americanus"
"Contopus cinereus","Tropical Pewee","Tyrant Flycatchers, Calyptura","Aves","Passeriformes","Tyrannidae","Contopus","Con.cinereus"
"Coryphospingus pileatus","Grey Pileated Finch","Tanagers & Allies","Aves","Passeriformes","Thraupidae","Coryphospingus","Cor.pileatus"
"Galbula galbula","Green-tailed Jacamar","Jacamars","Aves","Piciformes","Galbulidae","Galbula","Gal.galbula"
"Hylophilus thoracicus","Lemon-chested Greenlet","Vireos, Greenlets, Shrike-babblers","Aves","Passeriformes","Vireonidae","Hylophilus","Hyl.thoracicus"
"Myiozetetes cayanensis","Rusty-margined Flycatcher","Tyrant Flycatchers, Calyptura","Aves","Passeriformes","Tyrannidae","Myiozetetes","Myi.cayanensis"
"Myiozetetes similis","Social Flycatcher","Tyrant Flycatchers, Calyptura","Aves","Passeriformes","Tyrannidae","Myiozetetes","Myi.similis"
"Thamnophilus palliatus","Chestnut-backed Antshrike","Antbirds","Aves","Passeriformes","Thamnophilidae","Thamnophilus","Tha.palliatus"
"Antrostomus rufus","Rufous Nightjar","Nightjars","Aves","Caprimulgiformes","Caprimulgidae","Antrostomus","Ant.rufus"
"Fluvicola nengeta","Masked Water Tyrant","Tyrant Flycatchers, Calyptura","Aves","Passeriformes","Tyrannidae","Fluvicola","Flu.nengeta"
"Furnarius figulus","Band-tailed Hornero","Ovenbirds","Aves","Passeriformes","Furnariidae","Furnarius","Fur.figulus"
"Tangara peruviana","Tanagers & Allies: Tangara peruviana","Tanagers & Allies","Aves","Passeriformes","Thraupidae","Tangara","Tan.peruviana"
"Myiothlypis leucophrys","White-striped Warbler","New World Warblers","Aves","Passeriformes","Parulidae","Myiothlypis","Myi.leucophrys"
"Eucometis penicillata","Grey-headed Tanager","Tanagers & Allies","Aves","Passeriformes","Thraupidae","Eucometis","Euc.penicillata"
"Synallaxis scutata","Ochre-cheeked Spinetail","Ovenbirds","Aves","Passeriformes","Furnariidae","Synallaxis","Syn.scutata"
"Cantorchilus leucotis","Buff-breasted Wren","Wrens","Aves","Passeriformes","Troglodytidae","Cantorchilus","Can.leucotis"
"Pyroderus scutatus","Red-ruffed Fruitcrow","Cotingas","Aves","Passeriformes","Cotingidae","Pyroderus","Pyr.scutatus"
"Scytalopus speluncae","Mouse-colored Tapaculo","Tapaculos","Aves","Passeriformes","Rhinocryptidae","Scytalopus","Scy.speluncae"
"Chamaeza meruloides","Cryptic Antthrush","Antthrushes","Aves","Passeriformes","Formicariidae","Chamaeza","Cha.meruloides"
"Platyrinchus leucoryphus","Russet-winged Spadebill","Tyrant Flycatchers, Calyptura","Aves","Passeriformes","Tyrannidae","Platyrinchus","Pla.leucoryphus"
"Odontophorus capueira","Spot-winged Wood Quail","New World Quail","Aves","Galliformes","Odontophoridae","Odontophorus","Odo.capueira"
"Hypoedaleus guttatus","Spot-backed Antshrike","Antbirds","Aves","Passeriformes","Thamnophilidae","Hypoedaleus","Hyp.guttatus"
"Catharus fuscescens","Veery","Thrushes","Aves","Passeriformes","Turdidae","Catharus","Cat.fuscescens"
"Chloroceryle inda","Green-and-rufous Kingfisher","Kingfishers","Aves","Coraciiformes","Alcedinidae","Chloroceryle","Chl.inda"
"Chlorophanes spiza","Green Honeycreeper","Tanagers & Allies","Aves","Passeriformes","Thraupidae","Chlorophanes","Chl.spiza"
"Dromococcyx pavoninus","Pavonine Cuckoo","Cuckoos","Aves","Cuculiformes","Cuculidae","Dromococcyx","Dro.pavoninus"
"Harpagus diodon","Rufous-thighed Kite","Kites, Hawks, Eagles","Aves","Accipitriformes","Accipitridae","Harpagus","Har.diodon"
"Hydropsalis torquata","Scissor-tailed Nightjar","Nightjars","Aves","Caprimulgiformes","Caprimulgidae","Hydropsalis","Hyd.torquata"
"Legatus leucophaius","Piratic Flycatcher","Tyrant Flycatchers, Calyptura","Aves","Passeriformes","Tyrannidae","Legatus","Leg.leucophaius"
"Phylloscartes kronei","Restinga Tyrannulet","Tyrant Flycatchers, Calyptura","Aves","Passeriformes","Tyrannidae","Phylloscartes","Phy.kronei"
"Sirystes sibilator","Sibilant Sirystes","Tyrant Flycatchers, Calyptura","Aves","Passeriformes","Tyrannidae","Sirystes","Sir.sibilator"
"Tangara preciosa","Tanagers & Allies: Tangara preciosa","Tanagers & Allies","Aves","Passeriformes","Thraupidae","Tangara","Tan.preciosa"
"Tityra inquisitor","Black-crowned Tityra","Tityras, Becards, Sharpbill","Aves","Passeriformes","Tityridae","Tityra","Tit.inquisitor"
"Tyrannus savana","Fork-tailed Flycatcher","Tyrant Flycatchers, Calyptura","Aves","Passeriformes","Tyrannidae","Tyrannus","Tyr.savana"
"Geotrygon violacea","Violaceous Quail-Dove","Pigeons, Doves","Aves","Columbiformes","Columbidae","Geotrygon","Geo.violacea"
"Dysithamnus stictothorax","Spot-breasted Antvireo","Antbirds","Aves","Passeriformes","Thamnophilidae","Dysithamnus","Dys.stictothorax"
"Campylorhamphus trochilirostris","Red-billed Scythebill","Ovenbirds","Aves","Passeriformes","Furnariidae","Campylorhamphus","Cam.trochilirostris"
"Clibanornis dendrocolaptoides","Canebrake Groundcreeper","Ovenbirds","Aves","Passeriformes","Furnariidae","Clibanornis","Cli.dendrocolaptoides"
"Neopelma aurifrons","Wied's Tyrant-Manakin","Manakins","Aves","Passeriformes","Pipridae","Neopelma","Neo.aurifrons"
"Momotus momota","Amazonian Motmot","Motmots","Aves","Coraciiformes","Momotidae","Momotus","Mom.momota"
"Pipra fasciicauda","Band-tailed Manakin","Manakins","Aves","Passeriformes","Pipridae","Pipra","Pip.fasciicauda"
"Hylophilus amaurocephalus","Grey-eyed Greenlet","Vireos, Greenlets, Shrike-babblers","Aves","Passeriformes","Vireonidae","Hylophilus","Hyl.amaurocephalus"
"Formicivora melanogaster","Black-bellied Antwren","Antbirds","Aves","Passeriformes","Thamnophilidae","Formicivora","For.melanogaster"
"Crypturellus undulatus","Undulated Tinamou","Tinamous","Aves","Tinamiformes","Tinamidae","Crypturellus","Cry.undulatus"
"Monasa nigrifrons","Black-fronted Nunbird","Puffbirds","Aves","Piciformes","Bucconidae","Monasa","Mon.nigrifrons"
"Trogon curucui","Blue-crowned Trogon","Trogons","Aves","Trogoniformes","Trogonidae","Trogon","Tro.curucui"
"Touit surdus","Golden-tailed Parrotlet","African & New World Parrots","Aves","Psittaciformes","Psittacidae","Touit","Tou.surdus"
"Formicivora grisea","Southern White-fringed Antwren","Antbirds","Aves","Passeriformes","Thamnophilidae","Formicivora","For.grisea"
"Dendroplex picus","Straight-billed Woodcreeper","Ovenbirds","Aves","Passeriformes","Furnariidae","Dendroplex","Den.picus"
"Ceratopipra rubrocapilla","Red-headed Manakin","Manakins","Aves","Passeriformes","Pipridae","Ceratopipra","Cer.rubrocapilla"
"Chiroxiphia pareola","Blue-backed Manakin","Manakins","Aves","Passeriformes","Pipridae","Chiroxiphia","Chi.pareola"
"Pachyramphus viridis","Green-backed Becard","Tityras, Becards, Sharpbill","Aves","Passeriformes","Tityridae","Pachyramphus","Pac.viridis"
"Ornithion inerme","White-lored Tyrannulet","Tyrant Flycatchers, Calyptura","Aves","Passeriformes","Tyrannidae","Ornithion","Orn.inerme"
"Icterus pyrrhopterus","Variable Oriole","Oropendolas, Orioles, Blackbirds","Aves","Passeriformes","Icteridae","Icterus","Ict.pyrrhopterus"
"Rhynchocyclus olivaceus","Olivaceous Flatbill","Tyrant Flycatchers, Calyptura","Aves","Passeriformes","Tyrannidae","Rhynchocyclus","Rhy.olivaceus"
"Picumnus nebulosus","Mottled Piculet","Woodpeckers","Aves","Piciformes","Picidae","Picumnus","Pic.nebulosus"
"Piculus aurulentus","Yellow-browed Woodpecker","Woodpeckers","Aves","Piciformes","Picidae","Piculus","Pic.aurulentus"
"Lepidocolaptes falcinellus","Scalloped Woodcreeper","Ovenbirds","Aves","Passeriformes","Furnariidae","Lepidocolaptes","Lep.falcinellus"
"Cranioleuca obsoleta","Olive Spinetail","Ovenbirds","Aves","Passeriformes","Furnariidae","Cranioleuca","Cra.obsoleta"
"Cranioleuca pallida","Pallid Spinetail","Ovenbirds","Aves","Passeriformes","Furnariidae","Cranioleuca","Cra.pallida"
"Pachyramphus castaneus","Chestnut-crowned Becard","Tityras, Becards, Sharpbill","Aves","Passeriformes","Tityridae","Pachyramphus","Pac.castaneus"
"Elaenia sp.","Tyrant Flycatchers, Calyptura: Elaenia sp.","Tyrant Flycatchers, Calyptura","Aves","Passeriformes","Tyrannidae","Elaenia","Ela.sp."
"Myiarchus tuberculifer","Dusky-capped Flycatcher","Tyrant Flycatchers, Calyptura","Aves","Passeriformes","Tyrannidae","Myiarchus","Myi.tuberculifer"
"Muscipipra vetula","Shear-tailed Grey Tyrant","Tyrant Flycatchers, Calyptura","Aves","Passeriformes","Tyrannidae","Muscipipra","Mus.vetula"
"Saltator maxillosus","Thick-billed Saltator","Tanagers & Allies","Aves","Passeriformes","Thraupidae","Saltator","Sal.maxillosus"
"Poospiza thoracica","Tanagers & Allies: Poospiza thoracica","Tanagers & Allies","Aves","Passeriformes","Thraupidae","Poospiza","Poo.thoracica"
"Microspingus cabanisi","Grey-throated Warbling Finch","Tanagers & Allies","Aves","Passeriformes","Thraupidae","Microspingus","Mic.cabanisi"
"Spinus magellanicus","Hooded Siskin","Finches, Euphonias","Aves","Passeriformes","Fringillidae","Spinus","Spi.magellanicus"
"Cyanoloxia glaucocaerulea","Glaucous-blue Grosbeak","Cardinals & Allies","Aves","Passeriformes","Cardinalidae","Cyanoloxia","Cya.glaucocaerulea"
"Cranioleuca vulpina","Rusty-backed Spinetail","Ovenbirds","Aves","Passeriformes","Furnariidae","Cranioleuca","Cra.vulpina"
"Pteroglossus castanotis","Chestnut-eared Aracari","Toucans","Aves","Piciformes","Ramphastidae","Pteroglossus","Pte.castanotis"
"Penelope superciliaris","Rusty-margined Guan","Chachalacas, Curassows, Guans","Aves","Galliformes","Cracidae","Penelope","Pen.superciliaris"
"Hylocharis chrysura","Gilded Sapphire","Hummingbirds","Aves","Apodiformes","Trochilidae","Hylocharis","Hyl.chrysura"
"Formicivora rufa","Rusty-backed Antwren","Antbirds","Aves","Passeriformes","Thamnophilidae","Formicivora","For.rufa"
"Dendrocincla fuliginosa","Plain-brown Woodcreeper","Ovenbirds","Aves","Passeriformes","Furnariidae","Dendrocincla","Den.fuliginosa"
"Glaucis dohrnii","Hook-billed Hermit","Hummingbirds","Aves","Apodiformes","Trochilidae","Glaucis","Gla.dohrnii"
"Glyphorhynchus spirurus","Ovenbirds: Glyphorhynchus spirurus","Ovenbirds","Aves","Passeriformes","Furnariidae","Glyphorhynchus","Gly.spirurus"
"Phaethornis margarettae","Hummingbirds: Phaethornis margarettae","Hummingbirds","Aves","Apodiformes","Trochilidae","Phaethornis","Pha.margarettae"
"Xiphorhynchus guttatus","Buff-throated Woodcreeper","Ovenbirds","Aves","Passeriformes","Furnariidae","Xiphorhynchus","Xip.guttatus"
"Lipaugus vociferans","Screaming Piha","Cotingas","Aves","Passeriformes","Cotingidae","Lipaugus","Lip.vociferans"
"Myrmotherula urosticta","Band-tailed Antwren","Antbirds","Aves","Passeriformes","Thamnophilidae","Myrmotherula","Myr.urosticta"
"Schiffornis turdina","Brown-winged Schiffornis","Tityras, Becards, Sharpbill","Aves","Passeriformes","Tityridae","Schiffornis","Sch.turdina"
"Picumnus exilis","Golden-spangled Piculet","Woodpeckers","Aves","Piciformes","Picidae","Picumnus","Pic.exilis"
"Cyanoloxia rothschildii","Amazonian Grosbeak","Cardinals & Allies","Aves","Passeriformes","Cardinalidae","Cyanoloxia","Cya.rothschildii"
"Deconychura longicauda","Long-tailed Woodcreeper","Ovenbirds","Aves","Passeriformes","Furnariidae","Deconychura","Dec.longicauda"
"Dendrocincla merula","White-chinned Woodcreeper","Ovenbirds","Aves","Passeriformes","Furnariidae","Dendrocincla","Den.merula"
"Dendrocolaptes hoffmannsi","Hoffmanns's Woodcreeper","Ovenbirds","Aves","Passeriformes","Furnariidae","Dendrocolaptes","Den.hoffmannsi"
"Florisuga mellivora","White-necked Jacobin","Hummingbirds","Aves","Apodiformes","Trochilidae","Florisuga","Flo.mellivora"
"Glaucidium hardyi","Amazonian Pygmy Owl","Owls","Aves","Strigiformes","Strigidae","Glaucidium","Gla.hardyi"
"Epinecrophylla leucophthalma","White-eyed Stipplethroat","Antbirds","Aves","Passeriformes","Thamnophilidae","Epinecrophylla","Epi.leucophthalma"
"Pyriglena leuconota","East Amazonian Fire-eye","Antbirds","Aves","Passeriformes","Thamnophilidae","Pyriglena","Pyr.leuconota"
"Attila cinnamomeus","Cinnamon Attila","Tyrant Flycatchers, Calyptura","Aves","Passeriformes","Tyrannidae","Attila","Att.cinnamomeus"
"Cercomacroides nigrescens","Blackish Antbird","Antbirds","Aves","Passeriformes","Thamnophilidae","Cercomacroides","Cer.nigrescens"
"Galbula cyanicollis","Blue-necked Jacamar","Jacamars","Aves","Piciformes","Galbulidae","Galbula","Gal.cyanicollis"
"Tunchiornis ochraceiceps","Tawny-crowned Greenlet","Vireos, Greenlets, Shrike-babblers","Aves","Passeriformes","Vireonidae","Tunchiornis","Tun.ochraceiceps"
"Sclerurus caudacutus","Black-tailed Leaftosser","Ovenbirds","Aves","Passeriformes","Furnariidae","Sclerurus","Scl.caudacutus"
"Sclerurus macconnelli","Ovenbirds: Sclerurus macconnelli","Ovenbirds","Aves","Passeriformes","Furnariidae","Sclerurus","Scl.macconnelli"
"Automolus paraensis","Para Foliage-gleaner","Ovenbirds","Aves","Passeriformes","Furnariidae","Automolus","Aut.paraensis"
"Dichrozona cincta","Banded Antbird","Antbirds","Aves","Passeriformes","Thamnophilidae","Dichrozona","Dic.cincta"
"Malacoptila rufa","Rufous-necked Puffbird","Puffbirds","Aves","Piciformes","Bucconidae","Malacoptila","Mal.rufa"
"Certhiasomus stictolaemus","Spot-throated Woodcreeper","Ovenbirds","Aves","Passeriformes","Furnariidae","Certhiasomus","Cer.stictolaemus"
"Attila spadiceus","Bright-rumped Attila","Tyrant Flycatchers, Calyptura","Aves","Passeriformes","Tyrannidae","Attila","Att.spadiceus"
"Conopophaga aurita","Chestnut-belted Gnateater","Gnateaters","Aves","Passeriformes","Conopophagidae","Conopophaga","Con.aurita"
"Heliodoxa rubricauda","Hummingbirds: Heliodoxa rubricauda","Hummingbirds","Aves","Apodiformes","Trochilidae","Heliodoxa","Hel.rubricauda"
"Columbina minuta","Plain-breasted Ground Dove","Pigeons, Doves","Aves","Columbiformes","Columbidae","Columbina","Col.minuta"
"Columbina picui","Picui Ground Dove","Pigeons, Doves","Aves","Columbiformes","Columbidae","Columbina","Col.picui"
"Elaenia chiriquensis","Lesser Elaenia","Tyrant Flycatchers, Calyptura","Aves","Passeriformes","Tyrannidae","Elaenia","Ela.chiriquensis"
"Emberizoides herbicola","Wedge-tailed Grass Finch","Tanagers & Allies","Aves","Passeriformes","Thraupidae","Emberizoides","Emb.herbicola"
"Heliomaster squamosus","Stripe-breasted Starthroat","Hummingbirds","Aves","Apodiformes","Trochilidae","Heliomaster","Hel.squamosus"
"Machetornis rixosa","Cattle Tyrant","Tyrant Flycatchers, Calyptura","Aves","Passeriformes","Tyrannidae","Machetornis","Mac.rixosa"
"Mimus gilvus","Tropical Mockingbird","Mockingbirds, Thrashers","Aves","Passeriformes","Mimidae","Mimus","Mim.gilvus"
"Polytmus guainumbi","White-tailed Goldenthroat","Hummingbirds","Aves","Apodiformes","Trochilidae","Polytmus","Pol.guainumbi"
"Progne tapera","Brown-chested Martin","Swallows, Martins","Aves","Passeriformes","Hirundinidae","Progne","Pro.tapera"
"Schistochlamys melanopis","Black-faced Tanager","Tanagers & Allies","Aves","Passeriformes","Thraupidae","Schistochlamys","Sch.melanopis"
"Sporophila ardesiaca","Dubois's Seedeater","Tanagers & Allies","Aves","Passeriformes","Thraupidae","Sporophila","Spo.ardesiaca"
"Sporophila bouvreuil","Copper Seedeater","Tanagers & Allies","Aves","Passeriformes","Thraupidae","Sporophila","Spo.bouvreuil"
"Sporophila collaris","Rusty-collared Seedeater","Tanagers & Allies","Aves","Passeriformes","Thraupidae","Sporophila","Spo.collaris"
"Tangara brasiliensis","Tanagers & Allies: Tangara brasiliensis","Tanagers & Allies","Aves","Passeriformes","Thraupidae","Tangara","Tan.brasiliensis"
"Todirostrum cinereum","Common Tody-Flycatcher","Tyrant Flycatchers, Calyptura","Aves","Passeriformes","Tyrannidae","Todirostrum","Tod.cinereum"
"Cacicus cela","Yellow-rumped Cacique","Oropendolas, Orioles, Blackbirds","Aves","Passeriformes","Icteridae","Cacicus","Cac.cela"
"Pachyramphus marginatus","Black-capped Becard","Tityras, Becards, Sharpbill","Aves","Passeriformes","Tityridae","Pachyramphus","Pac.marginatus"
"Veniliornis affinis","Red-stained Woodpecker","Woodpeckers","Aves","Piciformes","Picidae","Veniliornis","Ven.affinis"
"Amazilia leucogaster","Hummingbirds: Amazilia leucogaster","Hummingbirds","Aves","Apodiformes","Trochilidae","Amazilia","Ama.leucogaster"
"Nystalus maculatus","Caatinga Puffbird","Puffbirds","Aves","Piciformes","Bucconidae","Nystalus","Nys.maculatus"
"Picumnus pygmaeus","Spotted Piculet","Woodpeckers","Aves","Piciformes","Picidae","Picumnus","Pic.pygmaeus"
"Pyriglena atra","Fringe-backed Fire-eye","Antbirds","Aves","Passeriformes","Thamnophilidae","Pyriglena","Pyr.atra"
"Agelaioides badius","Greyish Baywing","Oropendolas, Orioles, Blackbirds","Aves","Passeriformes","Icteridae","Agelaioides","Age.badius"
"Paroaria coronata","Red-crested Cardinal","Tanagers & Allies","Aves","Passeriformes","Thraupidae","Paroaria","Par.coronata"
"Passer domesticus","House Sparrow","Old World Sparrows, Snowfinches","Aves","Passeriformes","Passeridae","Passer","Pas.domesticus"
"Polioptila dumicola","Masked Gnatcatcher","Gnatcatchers","Aves","Passeriformes","Polioptilidae","Polioptila","Pol.dumicola"
"Poospiza nigrorufa","Black-and-rufous Warbling Finch","Tanagers & Allies","Aves","Passeriformes","Thraupidae","Poospiza","Poo.nigrorufa"
"Pipraeidea bonariensis","Tanagers & Allies: Pipraeidea bonariensis","Tanagers & Allies","Aves","Passeriformes","Thraupidae","Pipraeidea","Pip.bonariensis"
"Amazona aestiva","Turquoise-fronted Amazon","African & New World Parrots","Aves","Psittaciformes","Psittacidae","Amazona","Ama.aestiva"
"Amazona amazonica","Orange-winged Amazon","African & New World Parrots","Aves","Psittaciformes","Psittacidae","Amazona","Ama.amazonica"
"Ara chloropterus","Red-and-green Macaw","African & New World Parrots","Aves","Psittaciformes","Psittacidae","Ara","Ara.chloropterus"
"Aramides cajaneus","Grey-cowled Wood Rail","Rails, Crakes & Coots","Aves","Gruiformes","Rallidae","Aramides","Ara.cajaneus"
"Aramus guarauna","Limpkin","Limpkin","Aves","Gruiformes","Aramidae","Aramus","Ara.guarauna"
"Eupsittula aurea","Peach-fronted Parakeet","African & New World Parrots","Aves","Psittaciformes","Psittacidae","Eupsittula","Eup.aurea"
"Psittacara leucophthalmus","White-eyed Parakeet","African & New World Parrots","Aves","Psittaciformes","Psittacidae","Psittacara","Psi.leucophthalmus"
"Brotogeris chiriri","Yellow-chevroned Parakeet","African & New World Parrots","Aves","Psittaciformes","Psittacidae","Brotogeris","Bro.chiriri"
"Hydropsalis parvula","Nightjars: Hydropsalis parvula","Nightjars","Aves","Caprimulgiformes","Caprimulgidae","Hydropsalis","Hyd.parvula"
"Cariama cristata","Red-legged Seriema","Seriemas","Aves","Cariamiformes","Cariamidae","Cariama","Car.cristata"
"Cathartes aura","Turkey Vulture","New World Vultures","Aves","Accipitriformes","Cathartidae","Cathartes","Cat.aura"
"Cissopis leverianus","Magpie Tanager","Tanagers & Allies","Aves","Passeriformes","Thraupidae","Cissopis","Cis.leverianus"
"Colonia colonus","Long-tailed Tyrant","Tyrant Flycatchers, Calyptura","Aves","Passeriformes","Tyrannidae","Colonia","Col.colonus"
"Patagioenas cayennensis","Pale-vented Pigeon","Pigeons, Doves","Aves","Columbiformes","Columbidae","Patagioenas","Pat.cayennensis"
"Patagioenas picazuro","Picazuro Pigeon","Pigeons, Doves","Aves","Columbiformes","Columbidae","Patagioenas","Pat.picazuro"
"Coragyps atratus","Black Vulture","New World Vultures","Aves","Accipitriformes","Cathartidae","Coragyps","Cor.atratus"
"Crotophaga major","Greater Ani","Cuckoos","Aves","Cuculiformes","Cuculidae","Crotophaga","Cro.major"
"Donacobius atricapilla","Black-capped Donacobius","Black-capped Donacobius","Aves","Passeriformes","Donacobiidae","Donacobius","Don.atricapilla"
"Elanoides forficatus","Swallow-tailed Kite","Kites, Hawks, Eagles","Aves","Accipitriformes","Accipitridae","Elanoides","Ela.forficatus"
"Elanus leucurus","White-tailed Kite","Kites, Hawks, Eagles","Aves","Accipitriformes","Accipitridae","Elanus","Ela.leucurus"
"Gallinago undulata","Giant Snipe","Sandpipers, Snipes","Aves","Charadriiformes","Scolopacidae","Gallinago","Gal.undulata"
"Guira guira","Guira Cuckoo","Cuckoos","Aves","Cuculiformes","Cuculidae","Guira","Gui.guira"
"Herpetotheres cachinnans","Laughing Falcon","Caracaras, Falcons","Aves","Falconiformes","Falconidae","Herpetotheres","Her.cachinnans"
"Herpsilochmus rufimarginatus","Rufous-margined Antwren","Antbirds","Aves","Passeriformes","Thamnophilidae","Herpsilochmus","Her.rufimarginatus"
"Ictinia plumbea","Plumbeous Kite","Kites, Hawks, Eagles","Aves","Accipitriformes","Accipitridae","Ictinia","Ict.plumbea"
"Lurocalis semitorquatus","Short-tailed Nighthawk","Nightjars","Aves","Caprimulgiformes","Caprimulgidae","Lurocalis","Lur.semitorquatus"
"Melanerpes candidus","White Woodpecker","Woodpeckers","Aves","Piciformes","Picidae","Melanerpes","Mel.candidus"
"Melanerpes flavifrons","Yellow-fronted Woodpecker","Woodpeckers","Aves","Piciformes","Picidae","Melanerpes","Mel.flavifrons"
"Micrastur semitorquatus","Collared Forest Falcon","Caracaras, Falcons","Aves","Falconiformes","Falconidae","Micrastur","Mic.semitorquatus"
"Milvago chimachima","Yellow-headed Caracara","Caracaras, Falcons","Aves","Falconiformes","Falconidae","Milvago","Mil.chimachima"
"Notharchus swainsoni","Buff-bellied Puffbird","Puffbirds","Aves","Piciformes","Bucconidae","Notharchus","Not.swainsoni"
"Nothura maculosa","Spotted Nothura","Tinamous","Aves","Tinamiformes","Tinamidae","Nothura","Not.maculosa"
"Nyctibius griseus","Common Potoo","Potoos","Aves","Caprimulgiformes","Nyctibiidae","Nyctibius","Nyc.griseus"
"Nyctiphrynus ocellatus","Ocellated Poorwill","Nightjars","Aves","Caprimulgiformes","Caprimulgidae","Nyctiphrynus","Nyc.ocellatus"
"Pionus maximiliani","Scaly-headed Parrot","African & New World Parrots","Aves","Psittaciformes","Psittacidae","Pionus","Pio.maximiliani"
"Piprites chloris","Wing-barred Piprites","Tyrant Flycatchers, Calyptura","Aves","Passeriformes","Tyrannidae","Piprites","Pip.chloris"
"Caracara plancus","Crested Caracara","Caracaras, Falcons","Aves","Falconiformes","Falconidae","Caracara","Car.plancus"
"Pyrrhura frontalis","Maroon-bellied Parakeet","African & New World Parrots","Aves","Psittaciformes","Psittacidae","Pyrrhura","Pyr.frontalis"
"Ramphastos toco","Toco Toucan","Toucans","Aves","Piciformes","Ramphastidae","Ramphastos","Ram.toco"
"Rhynchotus rufescens","Red-winged Tinamou","Tinamous","Aves","Tinamiformes","Tinamidae","Rhynchotus","Rhy.rufescens"
"Sarcoramphus papa","King Vulture","New World Vultures","Aves","Accipitriformes","Cathartidae","Sarcoramphus","Sar.papa"
"Syrigma sibilatrix","Whistling Heron","Herons, Bitterns","Aves","Pelecaniformes","Ardeidae","Syrigma","Syr.sibilatrix"
"Tinamus solitarius","Solitary Tinamou","Tinamous","Aves","Tinamiformes","Tinamidae","Tinamus","Tin.solitarius"
"Vanellus chilensis","Southern Lapwing","Plovers","Aves","Charadriiformes","Charadriidae","Vanellus","Van.chilensis"
"Aramides saracura","Slaty-breasted Wood Rail","Rails, Crakes & Coots","Aves","Gruiformes","Rallidae","Aramides","Ara.saracura"
"Brotogeris tirica","Plain Parakeet","African & New World Parrots","Aves","Psittaciformes","Psittacidae","Brotogeris","Bro.tirica"
"Penelope obscura","Dusky-legged Guan","Chachalacas, Curassows, Guans","Aves","Galliformes","Cracidae","Penelope","Pen.obscura"
"Herpsilochmus pileatus","Bahia Antwren","Antbirds","Aves","Passeriformes","Thamnophilidae","Herpsilochmus","Her.pileatus"
"Tersina viridis","Swallow Tanager","Tanagers & Allies","Aves","Passeriformes","Thraupidae","Tersina","Ter.viridis"
"Hemithraupis ruficapilla","Rufous-headed Tanager","Tanagers & Allies","Aves","Passeriformes","Thraupidae","Hemithraupis","Hem.ruficapilla"
"Amazonetta brasiliensis","Brazilian Teal","Ducks, Geese, Swans","Aves","Anseriformes","Anatidae","Amazonetta","Ama.brasiliensis"
"Campephilus robustus","Robust Woodpecker","Woodpeckers","Aves","Piciformes","Picidae","Campephilus","Cam.robustus"
"Chlorophonia cyanea","Blue-naped Chlorophonia","Finches, Euphonias","Aves","Passeriformes","Fringillidae","Chlorophonia","Chl.cyanea"
"Orchesticus abeillei","Brown Tanager","Tanagers & Allies","Aves","Passeriformes","Thraupidae","Orchesticus","Orc.abeillei"
"Patagioenas plumbea","Plumbeous Pigeon","Pigeons, Doves","Aves","Columbiformes","Columbidae","Patagioenas","Pat.plumbea"
"Phyllomyias griseocapilla","Grey-capped Tyrannulet","Tyrant Flycatchers, Calyptura","Aves","Passeriformes","Tyrannidae","Phyllomyias","Phy.griseocapilla"
"Sporophila falcirostris","Temminck's Seedeater","Tanagers & Allies","Aves","Passeriformes","Thraupidae","Sporophila","Spo.falcirostris"
"Tyranniscus burmeisteri","Tyrant Flycatchers, Calyptura: Tyranniscus burmeisteri","Tyrant Flycatchers, Calyptura","Aves","Passeriformes","Tyrannidae","Tyranniscus","Tyr.burmeisteri"
"Aramides sp.","Rails, Crakes & Coots: Aramides sp.","Rails, Crakes & Coots","Aves","Gruiformes","Rallidae","Aramides","Ara.sp."
"Ardea alba","Great Egret","Herons, Bitterns","Aves","Pelecaniformes","Ardeidae","Ardea","Ard.alba"
"Athene cunicularia","Burrowing Owl","Owls","Aves","Strigiformes","Strigidae","Athene","Ath.cunicularia"
"Chaetura meridionalis","Sick's Swift","Swifts","Aves","Apodiformes","Apodidae","Chaetura","Cha.meridionalis"
"Columba livia","Rock Dove","Pigeons, Doves","Aves","Columbiformes","Columbidae","Columba","Col.livia"
"Cyanocorax cristatellus","Curl-crested Jay","Crows, Jays","Aves","Passeriformes","Corvidae","Cyanocorax","Cya.cristatellus"
"Estrilda astrild","Common Waxbill","Waxbills, Munias & Allies","Aves","Passeriformes","Estrildidae","Estrilda","Est.astrild"
"Falco femoralis","Aplomado Falcon","Caracaras, Falcons","Aves","Falconiformes","Falconidae","Falco","Fal.femoralis"
"Gubernetes yetapa","Streamer-tailed Tyrant","Tyrant Flycatchers, Calyptura","Aves","Passeriformes","Tyrannidae","Gubernetes","Gub.yetapa"
"Leptotila sp.","Pigeons, Doves: Leptotila sp.","Pigeons, Doves","Aves","Columbiformes","Columbidae","Leptotila","Lep.sp."
"Megaceryle torquata","Ringed Kingfisher","Kingfishers","Aves","Coraciiformes","Alcedinidae","Megaceryle","Meg.torquata"
"Mesembrinibis cayennensis","Green Ibis","Ibises, Spoonbills","Aves","Pelecaniformes","Threskiornithidae","Mesembrinibis","Mes.cayennensis"
"Myiarchus sp.","Tyrant Flycatchers, Calyptura: Myiarchus sp.","Tyrant Flycatchers, Calyptura","Aves","Passeriformes","Tyrannidae","Myiarchus","Myi.sp."
"Mustelirallus albicollis","Ash-throated Crake","Rails, Crakes & Coots","Aves","Gruiformes","Rallidae","Mustelirallus","Mus.albicollis"
"Pygochelidon cyanoleuca","Blue-and-white Swallow","Swallows, Martins","Aves","Passeriformes","Hirundinidae","Pygochelidon","Pyg.cyanoleuca"
"Pyrocephalus rubinus","Scarlet Flycatcher","Tyrant Flycatchers, Calyptura","Aves","Passeriformes","Tyrannidae","Pyrocephalus","Pyr.rubinus"
"Sporophila frontalis","Buffy-fronted Seedeater","Tanagers & Allies","Aves","Passeriformes","Thraupidae","Sporophila","Spo.frontalis"
"Theristicus caudatus","Buff-necked Ibis","Ibises, Spoonbills","Aves","Pelecaniformes","Threskiornithidae","Theristicus","The.caudatus"
"Xolmis cinereus","Tyrant Flycatchers, Calyptura: Xolmis cinereus","Tyrant Flycatchers, Calyptura","Aves","Passeriformes","Tyrannidae","Xolmis","Xol.cinereus"
"Amazilia sp.","Hummingbirds: Amazilia sp.","Hummingbirds","Aves","Apodiformes","Trochilidae","Amazilia","Ama.sp."
"Turdus sp.","Thrushes: Turdus sp.","Thrushes","Aves","Passeriformes","Turdidae","Turdus","Tur.sp."
"Aburria jacutinga","Chachalacas, Curassows, Guans: Aburria jacutinga","Chachalacas, Curassows, Guans","Aves","Galliformes","Cracidae","Aburria","Abu.jacutinga"
"Drymophila genei","Rufous-tailed Antbird","Antbirds","Aves","Passeriformes","Thamnophilidae","Drymophila","Dry.genei"
"Hylopezus nattereri","Antpittas: Hylopezus nattereri","Antpittas","Aves","Passeriformes","Grallariidae","Hylopezus","Hyl.nattereri"
"Merulaxis ater","Slaty Bristlefront","Tapaculos","Aves","Passeriformes","Rhinocryptidae","Merulaxis","Mer.ater"
"Picumnus sp.","Woodpeckers: Picumnus sp.","Woodpeckers","Aves","Piciformes","Picidae","Picumnus","Pic.sp."
"Trogon viridis","Green-backed Trogon","Trogons","Aves","Trogoniformes","Trogonidae","Trogon","Tro.viridis"
"Patagioenas cayannensis","Pigeons, Doves: Patagioenas cayannensis","Pigeons, Doves","Aves","Columbiformes","Columbidae","Patagioenas","Pat.cayannensis"
"Gallinula galeata","Common Gallinule","Rails, Crakes & Coots","Aves","Gruiformes","Rallidae","Gallinula","Gal.galeata"
"Attila phoenicurus","Rufous-tailed Attila","Tyrant Flycatchers, Calyptura","Aves","Passeriformes","Tyrannidae","Attila","Att.phoenicurus"
"Triclaria malachitacea","Blue-bellied Parrot","African & New World Parrots","Aves","Psittaciformes","Psittacidae","Triclaria","Tri.malachitacea"
"Buteo brachyurus","Short-tailed Hawk","Kites, Hawks, Eagles","Aves","Accipitriformes","Accipitridae","Buteo","But.brachyurus"
"Piculus chrysochloros","Golden-green Woodpecker","Woodpeckers","Aves","Piciformes","Picidae","Piculus","Pic.chrysochloros"
"Crax fasciolata","Bare-faced Curassow","Chachalacas, Curassows, Guans","Aves","Galliformes","Cracidae","Crax","Cra.fasciolata"
"Pulsatrix perspicillata","Spectacled Owl","Owls","Aves","Strigiformes","Strigidae","Pulsatrix","Pul.perspicillata"
"Pulsatrix koeniswaldiana","Tawny-browed Owl","Owls","Aves","Strigiformes","Strigidae","Pulsatrix","Pul.koeniswaldiana"
"Strix hylophila","Rusty-barred Owl","Owls","Aves","Strigiformes","Strigidae","Strix","Str.hylophila"
"Polioptila lactea","Creamy-bellied Gnatcatcher","Gnatcatchers","Aves","Passeriformes","Polioptilidae","Polioptila","Pol.lactea"
"Euphonia cyanocephala","Finches, Euphonias: Euphonia cyanocephala","Finches, Euphonias","Aves","Passeriformes","Fringillidae","Euphonia","Eup.cyanocephala"
"Campephilus melanoleucos","Crimson-crested Woodpecker","Woodpeckers","Aves","Piciformes","Picidae","Campephilus","Cam.melanoleucos"
"Pteroglossus aracari","Black-necked Aracari","Toucans","Aves","Piciformes","Ramphastidae","Pteroglossus","Pte.aracari"
"Psilorhamphus guttatus","Spotted Bamboowren","Tapaculos","Aves","Passeriformes","Rhinocryptidae","Psilorhamphus","Psi.guttatus"
"Pionopsitta pileata","Pileated Parrot","African & New World Parrots","Aves","Psittaciformes","Psittacidae","Pionopsitta","Pio.pileata"
"Aratinga solstitialis","Sun Parakeet","African & New World Parrots","Aves","Psittaciformes","Psittacidae","Aratinga","Ara.solstitialis"
"Patagioenas speciosa","Scaled Pigeon","Pigeons, Doves","Aves","Columbiformes","Columbidae","Patagioenas","Pat.speciosa"
"Strix virgata","Mottled Owl","Owls","Aves","Strigiformes","Strigidae","Strix","Str.virgata"
"Parabuteo leucorrhous","White-rumped Hawk","Kites, Hawks, Eagles","Aves","Accipitriformes","Accipitridae","Parabuteo","Par.leucorrhous"
"Buteo nitidus","Grey-lined Hawk","Kites, Hawks, Eagles","Aves","Accipitriformes","Accipitridae","Buteo","But.nitidus"
"Amazona vinacea","Vinaceous-breasted Amazon","African & New World Parrots","Aves","Psittaciformes","Psittacidae","Amazona","Ama.vinacea"
"Euphonia chalybea","Green-chinned Euphonia","Finches, Euphonias","Aves","Passeriformes","Fringillidae","Euphonia","Eup.chalybea"
"Biatas nigropectus","White-bearded Antshrike","Antbirds","Aves","Passeriformes","Thamnophilidae","Biatas","Bia.nigropectus"
"Leptasthenura striolata","Striolated Tit-Spinetail","Ovenbirds","Aves","Passeriformes","Furnariidae","Leptasthenura","Lep.striolata"
"Cyanocorax caeruleus","Azure Jay","Crows, Jays","Aves","Passeriformes","Corvidae","Cyanocorax","Cya.caeruleus"
"Chamaeza ruficauda","Rufous-tailed Antthrush","Antthrushes","Aves","Passeriformes","Formicariidae","Chamaeza","Cha.ruficauda"
"Geranoaetus albicaudatus","White-tailed Hawk","Kites, Hawks, Eagles","Aves","Accipitriformes","Accipitridae","Geranoaetus","Ger.albicaudatus"
"Heterospizias meridionalis","Kites, Hawks, Eagles: Heterospizias meridionalis","Kites, Hawks, Eagles","Aves","Accipitriformes","Accipitridae","Heterospizias","Het.meridionalis"
"Pardirallus nigricans","Blackish Rail","Rails, Crakes & Coots","Aves","Gruiformes","Rallidae","Pardirallus","Par.nigricans"
"Knipolegus lophotes","Crested Black Tyrant","Tyrant Flycatchers, Calyptura","Aves","Passeriformes","Tyrannidae","Knipolegus","Kni.lophotes"
"Phacellodomus ferrugineigula","Orange-breasted Thornbird","Ovenbirds","Aves","Passeriformes","Furnariidae","Phacellodomus","Pha.ferrugineigula"
"Phacellodomus rufifrons","Rufous-fronted Thornbird","Ovenbirds","Aves","Passeriformes","Furnariidae","Phacellodomus","Pha.rufifrons"
"Elaenia spectabilis","Large Elaenia","Tyrant Flycatchers, Calyptura","Aves","Passeriformes","Tyrannidae","Elaenia","Ela.spectabilis"
"Aratinga auricapillus","Golden-capped Parakeet","African & New World Parrots","Aves","Psittaciformes","Psittacidae","Aratinga","Ara.auricapillus"
"Primolius maracana","Blue-winged Macaw","African & New World Parrots","Aves","Psittaciformes","Psittacidae","Primolius","Pri.maracana"
"Nystalus chacuru","White-eared Puffbird","Puffbirds","Aves","Piciformes","Bucconidae","Nystalus","Nys.chacuru"
"Tachycineta albiventer","White-winged Swallow","Swallows, Martins","Aves","Passeriformes","Hirundinidae","Tachycineta","Tac.albiventer"
"Hirundinea ferruginea","Cliff Flycatcher","Tyrant Flycatchers, Calyptura","Aves","Passeriformes","Tyrannidae","Hirundinea","Hir.ferruginea"
"Leptodon cayanensis","Grey-headed Kite","Kites, Hawks, Eagles","Aves","Accipitriformes","Accipitridae","Leptodon","Lep.cayanensis"
"Psarocolius decumanus","Crested Oropendola","Oropendolas, Orioles, Blackbirds","Aves","Passeriformes","Icteridae","Psarocolius","Psa.decumanus"
"Streptoprocne zonaris","White-collared Swift","Swifts","Aves","Apodiformes","Apodidae","Streptoprocne","Str.zonaris"
"Tigrisoma lineatum","Rufescent Tiger Heron","Herons, Bitterns","Aves","Pelecaniformes","Ardeidae","Tigrisoma","Tig.lineatum"
"Falco sparverius","American Kestrel","Caracaras, Falcons","Aves","Falconiformes","Falconidae","Falco","Fal.sparverius"
"Tringa solitaria","Solitary Sandpiper","Sandpipers, Snipes","Aves","Charadriiformes","Scolopacidae","Tringa","Tri.solitaria"
"Tyto furcata","American Barn Owl","Barn Owls","Aves","Strigiformes","Tytonidae","Tyto","Tyt.furcata"
"Tachornis squamata","Neotropical Palm Swift","Swifts","Aves","Apodiformes","Apodidae","Tachornis","Tac.squamata"
"Progne chalybea","Grey-breasted Martin","Swallows, Martins","Aves","Passeriformes","Hirundinidae","Progne","Pro.chalybea"
"Melanotrochilus fuscus","Hummingbirds: Melanotrochilus fuscus","Hummingbirds","Aves","Apodiformes","Trochilidae","Melanotrochilus","Mel.fuscus"
"Chrysomus ruficapillus","Chestnut-capped Blackbird","Oropendolas, Orioles, Blackbirds","Aves","Passeriformes","Icteridae","Chrysomus","Chr.ruficapillus"
"Sporophila leucoptera","White-bellied Seedeater","Tanagers & Allies","Aves","Passeriformes","Thraupidae","Sporophila","Spo.leucoptera"
"Crypturellus soui","Little Tinamou","Tinamous","Aves","Tinamiformes","Tinamidae","Crypturellus","Cry.soui"
"Crypturellus strigulosus","Brazilian Tinamou","Tinamous","Aves","Tinamiformes","Tinamidae","Crypturellus","Cry.strigulosus"
"Diopsittaca nobilis","Red-shouldered Macaw","African & New World Parrots","Aves","Psittaciformes","Psittacidae","Diopsittaca","Dio.nobilis"
"Picumnus pernambucensis","Woodpeckers: Picumnus pernambucensis","Woodpeckers","Aves","Piciformes","Picidae","Picumnus","Pic.pernambucensis"
"Thamnophilus aethiops","White-shouldered Antshrike","Antbirds","Aves","Passeriformes","Thamnophilidae","Thamnophilus","Tha.aethiops"
"Pyriglena pernambucensis","Antbirds: Pyriglena pernambucensis","Antbirds","Aves","Passeriformes","Thamnophilidae","Pyriglena","Pyr.pernambucensis"
"Dendrocincla taunayi","Ovenbirds: Dendrocincla taunayi","Ovenbirds","Aves","Passeriformes","Furnariidae","Dendrocincla","Den.taunayi"
"Hemitriccus griseipectus","White-bellied Tody-Tyrant","Tyrant Flycatchers, Calyptura","Aves","Passeriformes","Tyrannidae","Hemitriccus","Hem.griseipectus"
"Myiopagis gaimardii","Forest Elaenia","Tyrant Flycatchers, Calyptura","Aves","Passeriformes","Tyrannidae","Myiopagis","Myi.gaimardii"
"Polioptila plumbea","Tropical Gnatcatcher","Gnatcatchers","Aves","Passeriformes","Polioptilidae","Polioptila","Pol.plumbea"
"Caryothraustes canadensis","Yellow-green Grosbeak","Cardinals & Allies","Aves","Passeriformes","Cardinalidae","Caryothraustes","Car.canadensis"
"Mycteria americana","Wood Stork","Storks","Aves","Ciconiiformes","Ciconiidae","Mycteria","Myc.americana"
"Platalea ajaja","Roseate Spoonbill","Ibises, Spoonbills","Aves","Pelecaniformes","Threskiornithidae","Platalea","Pla.ajaja"
"Chloroceryle amazona","Amazon Kingfisher","Kingfishers","Aves","Coraciiformes","Alcedinidae","Chloroceryle","Chl.amazona"
"Celeus galeatus","Helmeted Woodpecker","Woodpeckers","Aves","Piciformes","Picidae","Celeus","Cel.galeatus"
"Heliomaster longirostris","Long-billed Starthroat","Hummingbirds","Aves","Apodiformes","Trochilidae","Heliomaster","Hel.longirostris"
"Pseudoleistes guirahuro","Yellow-rumped Marshbird","Oropendolas, Orioles, Blackbirds","Aves","Passeriformes","Icteridae","Pseudoleistes","Pse.guirahuro"
"Sicalis luteola","Grassland Yellow Finch","Tanagers & Allies","Aves","Passeriformes","Thraupidae","Sicalis","Sic.luteola"
"Bubo virginianus","Great Horned Owl","Owls","Aves","Strigiformes","Strigidae","Bubo","Bub.virginianus"
"Tachycineta leucorrhoa","White-rumped Swallow","Swallows, Martins","Aves","Passeriformes","Hirundinidae","Tachycineta","Tac.leucorrhoa"
"Geranospiza caerulescens","Crane Hawk","Kites, Hawks, Eagles","Aves","Accipitriformes","Accipitridae","Geranospiza","Ger.caerulescens"
"Cyanocorax cyanopogon","White-naped Jay","Crows, Jays","Aves","Passeriformes","Corvidae","Cyanocorax","Cya.cyanopogon"
"Cypsnagra hirundinacea","White-rumped Tanager","Tanagers & Allies","Aves","Passeriformes","Thraupidae","Cypsnagra","Cyp.hirundinacea"
"Heliactin bilophus","Horned Sungem","Hummingbirds","Aves","Apodiformes","Trochilidae","Heliactin","Hel.bilophus"
"Melanopareia torquata","Collared Crescentchest","Crescentchests","Aves","Passeriformes","Melanopareiidae","Melanopareia","Mel.torquata"
"Culicivora caudacuta","Sharp-tailed Grass Tyrant","Tyrant Flycatchers, Calyptura","Aves","Passeriformes","Tyrannidae","Culicivora","Cul.caudacuta"
"Alopochelidon fucata","Tawny-headed Swallow","Swallows, Martins","Aves","Passeriformes","Hirundinidae","Alopochelidon","Alo.fucata"
"Sicalis citrina","Stripe-tailed Yellow Finch","Tanagers & Allies","Aves","Passeriformes","Thraupidae","Sicalis","Sic.citrina"
"Coryphaspiza melanotis","Black-masked Finch","Tanagers & Allies","Aves","Passeriformes","Thraupidae","Coryphaspiza","Cor.melanotis"
"Synallaxis sp.","Ovenbirds: Synallaxis sp.","Ovenbirds","Aves","Passeriformes","Furnariidae","Synallaxis","Syn.sp."
"Xolmis velatus","White-rumped Monjita","Tyrant Flycatchers, Calyptura","Aves","Passeriformes","Tyrannidae","Xolmis","Xol.velatus"
"Saltatricula atricollis","Black-throated Saltator","Tanagers & Allies","Aves","Passeriformes","Thraupidae","Saltatricula","Sal.atricollis"
"Thamnophilus torquatus","Rufous-winged Antshrike","Antbirds","Aves","Passeriformes","Thamnophilidae","Thamnophilus","Tha.torquatus"
"Tyrannus albogularis","White-throated Kingbird","Tyrant Flycatchers, Calyptura","Aves","Passeriformes","Tyrannidae","Tyrannus","Tyr.albogularis"
"Trogon sp.","Trogons: Trogon sp.","Trogons","Aves","Trogoniformes","Trogonidae","Trogon","Tro.sp."
"Chelidoptera tenebrosa","Swallow-winged Puffbird","Puffbirds","Aves","Piciformes","Bucconidae","Chelidoptera","Che.tenebrosa"
"Pilherodius pileatus","Capped Heron","Herons, Bitterns","Aves","Pelecaniformes","Ardeidae","Pilherodius","Pil.pileatus"
"Ara ararauna","Blue-and-yellow Macaw","African & New World Parrots","Aves","Psittaciformes","Psittacidae","Ara","Ara.ararauna"
"Griseotyrannus aurantioatrocristatus","Crowned Slaty Flycatcher","Tyrant Flycatchers, Calyptura","Aves","Passeriformes","Tyrannidae","Griseotyrannus","Gri.aurantioatrocristatus"
"Polystictus pectoralis","Bearded Tachuri","Tyrant Flycatchers, Calyptura","Aves","Passeriformes","Tyrannidae","Polystictus","Pol.pectoralis"
"Emberizoides ypiranganus","Lesser Grass Finch","Tanagers & Allies","Aves","Passeriformes","Thraupidae","Emberizoides","Emb.ypiranganus"
"Sporophila pileata","Pearly-bellied Seedeater","Tanagers & Allies","Aves","Passeriformes","Thraupidae","Sporophila","Spo.pileata"
"Anhima cornuta","Horned Screamer","Screamers","Aves","Anseriformes","Anhimidae","Anhima","Anh.cornuta"
"Micropygia schomburgkii","Ocellated Crake","Rails, Crakes & Coots","Aves","Gruiformes","Rallidae","Micropygia","Mic.schomburgkii"
"Dendrocygna viduata","White-faced Whistling Duck","Ducks, Geese, Swans","Aves","Anseriformes","Anatidae","Dendrocygna","Den.viduata"
"Ardea cocoi","Cocoi Heron","Herons, Bitterns","Aves","Pelecaniformes","Ardeidae","Ardea","Ard.cocoi"
"Egretta thula","Snowy Egret","Herons, Bitterns","Aves","Pelecaniformes","Ardeidae","Egretta","Egr.thula"
"Amaurolimnas concolor","Uniform Crake","Rails, Crakes & Coots","Aves","Gruiformes","Rallidae","Amaurolimnas","Ama.concolor"
"Jacana jacana","Wattled Jacana","Jacanas","Aves","Charadriiformes","Jacanidae","Jacana","Jac.jacana"
"Anthus lutescens","Yellowish Pipit","Wagtails, Pipits","Aves","Passeriformes","Motacillidae","Anthus","Ant.lutescens"
"Charitospiza eucosma","Coal-crested Finch","Tanagers & Allies","Aves","Passeriformes","Thraupidae","Charitospiza","Cha.eucosma"
"Carpornis melanocephala","Black-headed Berryeater","Cotingas","Aves","Passeriformes","Cotingidae","Carpornis","Car.melanocephala"
"Ramphastos vitellinus","Channel-billed Toucan","Toucans","Aves","Piciformes","Ramphastidae","Ramphastos","Ram.vitellinus"
"Crypturellus noctivagus","Yellow-legged Tinamou","Tinamous","Aves","Tinamiformes","Tinamidae","Crypturellus","Cry.noctivagus"
"Touit melanonotus","Brown-backed Parrotlet","African & New World Parrots","Aves","Psittaciformes","Psittacidae","Touit","Tou.melanonotus"
"Accipiter superciliosus","Tiny Hawk","Kites, Hawks, Eagles","Aves","Accipitriformes","Accipitridae","Accipiter","Acc.superciliosus"
"Spizaetus tyrannus","Black Hawk-Eagle","Kites, Hawks, Eagles","Aves","Accipitriformes","Accipitridae","Spizaetus","Spi.tyrannus"
"Chondrohierax uncinatus","Hook-billed Kite","Kites, Hawks, Eagles","Aves","Accipitriformes","Accipitridae","Chondrohierax","Cho.uncinatus"
"Pyrrhura cruentata","Ochre-marked Parakeet","African & New World Parrots","Aves","Psittaciformes","Psittacidae","Pyrrhura","Pyr.cruentata"
"Pyrrhura leucotis","White-eared Parakeet","African & New World Parrots","Aves","Psittaciformes","Psittacidae","Pyrrhura","Pyr.leucotis"
"Pionus menstruus","Blue-headed Parrot","African & New World Parrots","Aves","Psittaciformes","Psittacidae","Pionus","Pio.menstruus"
"Amazona rhodocorytha","Red-browed Amazon","African & New World Parrots","Aves","Psittaciformes","Psittacidae","Amazona","Ama.rhodocorytha"
"Amazona farinosa","Southern Mealy Amazon","African & New World Parrots","Aves","Psittaciformes","Psittacidae","Amazona","Ama.farinosa"
"Piculus polyzonus","Woodpeckers: Piculus polyzonus","Woodpeckers","Aves","Piciformes","Picidae","Piculus","Pic.polyzonus"
"Rhytipterna simplex","Greyish Mourner","Tyrant Flycatchers, Calyptura","Aves","Passeriformes","Tyrannidae","Rhytipterna","Rhy.simplex"
"Xipholena atropurpurea","White-winged Cotinga","Cotingas","Aves","Passeriformes","Cotingidae","Xipholena","Xip.atropurpurea"
"Campylorhynchus turdinus","Thrush-like Wren","Wrens","Aves","Passeriformes","Troglodytidae","Campylorhynchus","Cam.turdinus"
"Turdus fumigatus","Cocoa Thrush","Thrushes","Aves","Passeriformes","Turdidae","Turdus","Tur.fumigatus"
"Falco rufigularis","Bat Falcon","Caracaras, Falcons","Aves","Falconiformes","Falconidae","Falco","Fal.rufigularis"
"Pseudastur polionotus","Mantled Hawk","Kites, Hawks, Eagles","Aves","Accipitriformes","Accipitridae","Pseudastur","Pse.polionotus"
"Phylloscartes sylviolus","Bay-ringed Tyrannulet","Tyrant Flycatchers, Calyptura","Aves","Passeriformes","Tyrannidae","Phylloscartes","Phy.sylviolus"
"Terenura maculata","Streak-capped Antwren","Antbirds","Aves","Passeriformes","Thamnophilidae","Terenura","Ter.maculata"
"Piculus flavigula","Yellow-throated Woodpecker","Woodpeckers","Aves","Piciformes","Picidae","Piculus","Pic.flavigula"
"Hemitriccus furcatus","Fork-tailed Tody-Tyrant","Tyrant Flycatchers, Calyptura","Aves","Passeriformes","Tyrannidae","Hemitriccus","Hem.furcatus"
"Micrastur mintoni","Cryptic Forest Falcon","Caracaras, Falcons","Aves","Falconiformes","Falconidae","Micrastur","Mic.mintoni"
"Picumnus fulvescens","Woodpeckers: Picumnus fulvescens","Woodpeckers","Aves","Piciformes","Picidae","Picumnus","Pic.fulvescens"
"Pteroglossus inscriptus","Lettered Aracari","Toucans","Aves","Piciformes","Ramphastidae","Pteroglossus","Pte.inscriptus"
"Thalurania watertonii","Long-tailed Woodnymph","Hummingbirds","Aves","Apodiformes","Trochilidae","Thalurania","Tha.watertonii"
"Zimmerius gracilipes","Slender-footed Tyrannulet","Tyrant Flycatchers, Calyptura","Aves","Passeriformes","Tyrannidae","Zimmerius","Zim.gracilipes"
"Accipiter bicolor","Bicolored Hawk","Kites, Hawks, Eagles","Aves","Accipitriformes","Accipitridae","Accipiter","Acc.bicolor"
"Eupsittula cactorum","Caatinga Parakeet","African & New World Parrots","Aves","Psittaciformes","Psittacidae","Eupsittula","Eup.cactorum"
"Formicivora iheringi","Narrow-billed Antwren","Antbirds","Aves","Passeriformes","Thamnophilidae","Formicivora","For.iheringi"
"Hylopezus ochroleucus","White-browed Antpitta","Antpittas","Aves","Passeriformes","Grallariidae","Hylopezus","Hyl.ochroleucus"
"Clibanornis rectirostris","Henna-capped Foliage-gleaner","Ovenbirds","Aves","Passeriformes","Furnariidae","Clibanornis","Cli.rectirostris"
"Tachyphonus sp.","Tanagers & Allies: Tachyphonus sp.","Tanagers & Allies","Aves","Passeriformes","Thraupidae","Tachyphonus","Tac.sp."
"Nomonyx dominicus","Masked Duck","Ducks, Geese, Swans","Aves","Anseriformes","Anatidae","Nomonyx","Nom.dominicus"
"Tachybaptus dominicus","Least Grebe","Grebes","Aves","Podicipediformes","Podicipedidae","Tachybaptus","Tac.dominicus"
"Nannopterum brasilianus","Cormorants, Shags: Nannopterum brasilianus","Cormorants, Shags","Aves","Suliformes","Phalacrocoracidae","Nannopterum","Nan.brasilianus"
"Butorides striata","Striated Heron","Herons, Bitterns","Aves","Pelecaniformes","Ardeidae","Butorides","But.striata"
"Bubulcus ibis","Western Cattle Egret","Herons, Bitterns","Aves","Pelecaniformes","Ardeidae","Bubulcus","Bub.ibis"
"Cathartes burrovianus","Lesser Yellow-headed Vulture","New World Vultures","Aves","Accipitriformes","Cathartidae","Cathartes","Cat.burrovianus"
"Pandion haliaetus","Western Osprey","Ospreys","Aves","Accipitriformes","Pandionidae","Pandion","Pan.haliaetus"
"Rostrhamus sociabilis","Snail Kite","Kites, Hawks, Eagles","Aves","Accipitriformes","Accipitridae","Rostrhamus","Ros.sociabilis"
"Porphyrio martinicus","Rails, Crakes & Coots: Porphyrio martinicus","Rails, Crakes & Coots","Aves","Gruiformes","Rallidae","Porphyrio","Por.martinicus"
"Sturnella superciliaris","Oropendolas, Orioles, Blackbirds: Sturnella superciliaris","Oropendolas, Orioles, Blackbirds","Aves","Passeriformes","Icteridae","Sturnella","Stu.superciliaris"
"Milvago chimango","Chimango Caracara","Caracaras, Falcons","Aves","Falconiformes","Falconidae","Milvago","Mil.chimango"
"Fregata magnificens","Magnificent Frigatebird","Frigatebirds","Aves","Suliformes","Fregatidae","Fregata","Fre.magnificens"
"Coccyzus euleri","Pearly-breasted Cuckoo","Cuckoos","Aves","Cuculiformes","Cuculidae","Coccyzus","Coc.euleri"
"Laterallus melanophaius","Rufous-sided Crake","Rails, Crakes & Coots","Aves","Gruiformes","Rallidae","Laterallus","Lat.melanophaius"
"Hydropsalis forcipata","Nightjars: Hydropsalis forcipata","Nightjars","Aves","Caprimulgiformes","Caprimulgidae","Hydropsalis","Hyd.forcipata"
"Chaetura cinereiventris","Grey-rumped Swift","Swifts","Aves","Apodiformes","Apodidae","Chaetura","Cha.cinereiventris"
"Micrococcyx cinereus","Cuckoos: Micrococcyx cinereus","Cuckoos","Aves","Cuculiformes","Cuculidae","Micrococcyx","Mic.cinereus"
"Drymophila rubricollis","Bertoni's Antbird","Antbirds","Aves","Passeriformes","Thamnophilidae","Drymophila","Dry.rubricollis"
"Accipiter striatus","Sharp-shinned Hawk","Kites, Hawks, Eagles","Aves","Accipitriformes","Accipitridae","Accipiter","Acc.striatus"
"Chrysolampis mosquitus","Ruby-topaz Hummingbird","Hummingbirds","Aves","Apodiformes","Trochilidae","Chrysolampis","Chr.mosquitus"
"Spizaetus melanoleucus","Black-and-white Hawk-Eagle","Kites, Hawks, Eagles","Aves","Accipitriformes","Accipitridae","Spizaetus","Spi.melanoleucus"
"Celeus torquatus","Ringed Woodpecker","Woodpeckers","Aves","Piciformes","Picidae","Celeus","Cel.torquatus"
"Amadonastur lacernulatus","Kites, Hawks, Eagles: Amadonastur lacernulatus","Kites, Hawks, Eagles","Aves","Accipitriformes","Accipitridae","Amadonastur","Ama.lacernulatus"
"Crypturellus variegatus","Variegated Tinamou","Tinamous","Aves","Tinamiformes","Tinamidae","Crypturellus","Cry.variegatus"
"Ortalis araucuan","East Brazilian Chachalaca","Chachalacas, Curassows, Guans","Aves","Galliformes","Cracidae","Ortalis","Ort.araucuan"
"Crax blumenbachii","Red-billed Curassow","Chachalacas, Curassows, Guans","Aves","Galliformes","Cracidae","Crax","Cra.blumenbachii"
"Harpia harpyja","Harpy Eagle","Kites, Hawks, Eagles","Aves","Accipitriformes","Accipitridae","Harpia","Har.harpyja"
"Icterus jamacaii","Campo Troupial","Oropendolas, Orioles, Blackbirds","Aves","Passeriformes","Icteridae","Icterus","Ict.jamacaii"
"Neomorphus geoffroyi","Rufous-vented Ground Cuckoo","Cuckoos","Aves","Cuculiformes","Cuculidae","Neomorphus","Neo.geoffroyi"
"Monasa morphoeus","White-fronted Nunbird","Puffbirds","Aves","Piciformes","Bucconidae","Monasa","Mon.morphoeus"
"Ortalis guttata","Speckled Chachalaca","Chachalacas, Curassows, Guans","Aves","Galliformes","Cracidae","Ortalis","Ort.guttata"
"Acrobatornis fonsecai","Pink-legged Graveteiro","Ovenbirds","Aves","Passeriformes","Furnariidae","Acrobatornis","Acr.fonsecai"
"Cairina moschata","Muscovy Duck","Ducks, Geese, Swans","Aves","Anseriformes","Anatidae","Cairina","Cai.moschata"
"Tigrisoma fasciatum","Fasciated Tiger Heron","Herons, Bitterns","Aves","Pelecaniformes","Ardeidae","Tigrisoma","Tig.fasciatum"
"Spizaetus ornatus","Ornate Hawk-Eagle","Kites, Hawks, Eagles","Aves","Accipitriformes","Accipitridae","Spizaetus","Spi.ornatus"
"Cypseloides fumigatus","Sooty Swift","Swifts","Aves","Apodiformes","Apodidae","Cypseloides","Cyp.fumigatus"
"Panyptila cayennensis","Lesser Swallow-tailed Swift","Swifts","Aves","Apodiformes","Apodidae","Panyptila","Pan.cayennensis"
"Lophornis chalybeus","Festive Coquette","Hummingbirds","Aves","Apodiformes","Trochilidae","Lophornis","Lop.chalybeus"
"Phibalura flavirostris","Swallow-tailed Cotinga","Cotingas","Aves","Passeriformes","Cotingidae","Phibalura","Phi.flavirostris"
"Pseudastur albicollis","White Hawk","Kites, Hawks, Eagles","Aves","Accipitriformes","Accipitridae","Pseudastur","Pse.albicollis"
"Myiopsitta monachus","Monk Parakeet","African & New World Parrots","Aves","Psittaciformes","Psittacidae","Myiopsitta","Myi.monachus"
"Dendrocolaptes picumnus","Black-banded Woodcreeper","Ovenbirds","Aves","Passeriformes","Furnariidae","Dendrocolaptes","Den.picumnus"
"Cyanocorax cyanomelas","Purplish Jay","Crows, Jays","Aves","Passeriformes","Corvidae","Cyanocorax","Cya.cyanomelas"
"Dromococcyx phasianellus","Pheasant Cuckoo","Cuckoos","Aves","Cuculiformes","Cuculidae","Dromococcyx","Dro.phasianellus"
"Elaenia chilensis","Chilean Elaenia","Tyrant Flycatchers, Calyptura","Aves","Passeriformes","Tyrannidae","Elaenia","Ela.chilensis"
"Conopias trivirgatus","Three-striped Flycatcher","Tyrant Flycatchers, Calyptura","Aves","Passeriformes","Tyrannidae","Conopias","Con.trivirgatus"
"Buteo albonotatus","Zone-tailed Hawk","Kites, Hawks, Eagles","Aves","Accipitriformes","Accipitridae","Buteo","But.albonotatus"
"Pionus reichenowi","African & New World Parrots: Pionus reichenowi","African & New World Parrots","Aves","Psittaciformes","Psittacidae","Pionus","Pio.reichenowi"
"Cercomacroides laeta","Willis's Antbird","Antbirds","Aves","Passeriformes","Thamnophilidae","Cercomacroides","Cer.laeta"
"Procnias averano","Bearded Bellbird","Cotingas","Aves","Passeriformes","Cotingidae","Procnias","Pro.averano"
"Tangara fastuosa","Seven-colored Tanager","Tanagers & Allies","Aves","Passeriformes","Thraupidae","Tangara","Tan.fastuosa"
"Aratinga jandaya","Jandaya Parakeet","African & New World Parrots","Aves","Psittaciformes","Psittacidae","Aratinga","Ara.jandaya"
"Chaetura spinicaudus","Band-rumped Swift","Swifts","Aves","Apodiformes","Apodidae","Chaetura","Cha.spinicaudus"
"Xiphorhynchus picus","Ovenbirds: Xiphorhynchus picus","Ovenbirds","Aves","Passeriformes","Furnariidae","Xiphorhynchus","Xip.picus"
"Conopophaga cearae","Ceara Gnateater","Gnateaters","Aves","Passeriformes","Conopophagidae","Conopophaga","Con.cearae"
"Synallaxis infuscata","Pinto's Spinetail","Ovenbirds","Aves","Passeriformes","Furnariidae","Synallaxis","Syn.infuscata"
"Xiphorhynchus atlanticus","Ceara Woodcreeper","Ovenbirds","Aves","Passeriformes","Furnariidae","Xiphorhynchus","Xip.atlanticus"
"Laterallus viridis","Rails, Crakes & Coots: Laterallus viridis","Rails, Crakes & Coots","Aves","Gruiformes","Rallidae","Laterallus","Lat.viridis"
"Cranioleuca semicinerea","Grey-headed Spinetail","Ovenbirds","Aves","Passeriformes","Furnariidae","Cranioleuca","Cra.semicinerea"
"Automolus lammi","Pernambuco Foliage-gleaner","Ovenbirds","Aves","Passeriformes","Furnariidae","Automolus","Aut.lammi"
"Terenura sicki","Orange-bellied Antwren","Antbirds","Aves","Passeriformes","Thamnophilidae","Terenura","Ter.sicki"
"Phylloscartes cecilliae","Tyrant Flycatchers, Calyptura: Phylloscartes cecilliae","Tyrant Flycatchers, Calyptura","Aves","Passeriformes","Tyrannidae","Phylloscartes","Phy.cecilliae"
"Procacicus solitarius","Oropendolas, Orioles, Blackbirds: Procacicus solitarius","Oropendolas, Orioles, Blackbirds","Aves","Passeriformes","Icteridae","Procacicus","Pro.solitarius"
"Gampsonyx swainsonii","Pearl Kite","Kites, Hawks, Eagles","Aves","Accipitriformes","Accipitridae","Gampsonyx","Gam.swainsonii"
"Ara severus","Chestnut-fronted Macaw","African & New World Parrots","Aves","Psittaciformes","Psittacidae","Ara","Ara.severus"
"Thectocercus acuticaudatus","Blue-crowned Parakeet","African & New World Parrots","Aves","Psittaciformes","Psittacidae","Thectocercus","The.acuticaudatus"
"Brachygalba lugubris","Brown Jacamar","Jacamars","Aves","Piciformes","Galbulidae","Brachygalba","Bra.lugubris"
"Bucco tamatia","Spotted Puffbird","Puffbirds","Aves","Piciformes","Bucconidae","Bucco","Buc.tamatia"
"Cercomacra melanaria","Mato Grosso Antbird","Antbirds","Aves","Passeriformes","Thamnophilidae","Cercomacra","Cer.melanaria"
"Eurypyga helias","Sunbittern","Sunbittern","Aves","Eurypygiformes","Eurypygidae","Eurypyga","Eur.helias"
"Phimosus infuscatus","Bare-faced Ibis","Ibises, Spoonbills","Aves","Pelecaniformes","Threskiornithidae","Phimosus","Phi.infuscatus"
"Porphyrio flavirostris","Azure Gallinule","Rails, Crakes & Coots","Aves","Gruiformes","Rallidae","Porphyrio","Por.flavirostris"
"Gallinago paraguaiae","South American Snipe","Sandpipers, Snipes","Aves","Charadriiformes","Scolopacidae","Gallinago","Gal.paraguaiae"
"Bartramia longicauda","Upland Sandpiper","Sandpipers, Snipes","Aves","Charadriiformes","Scolopacidae","Bartramia","Bar.longicauda"
"Orthopsittaca manilata","African & New World Parrots: Orthopsittaca manilata","African & New World Parrots","Aves","Psittaciformes","Psittacidae","Orthopsittaca","Ort.manilata"
"Hemitriccus striaticollis","Stripe-necked Tody-Tyrant","Tyrant Flycatchers, Calyptura","Aves","Passeriformes","Tyrannidae","Hemitriccus","Hem.striaticollis"
"Casiornis fuscus","Ash-throated Casiornis","Tyrant Flycatchers, Calyptura","Aves","Passeriformes","Tyrannidae","Casiornis","Cas.fuscus"
"Molothrus oryzivorus","Giant Cowbird","Oropendolas, Orioles, Blackbirds","Aves","Passeriformes","Icteridae","Molothrus","Mol.oryzivorus"
"Nannochordeiles pusillus","Nightjars: Nannochordeiles pusillus","Nightjars","Aves","Caprimulgiformes","Caprimulgidae","Nannochordeiles","Nan.pusillus"
"Hirundo rustica","Barn Swallow","Swallows, Martins","Aves","Passeriformes","Hirundinidae","Hirundo","Hir.rustica"
"Buteogallus urubitinga","Great Black Hawk","Kites, Hawks, Eagles","Aves","Accipitriformes","Accipitridae","Buteogallus","But.urubitinga"
"Compsothraupis loricata","Scarlet-throated Tanager","Tanagers & Allies","Aves","Passeriformes","Thraupidae","Compsothraupis","Com.loricata"
"Molothrus rufoaxillaris","Screaming Cowbird","Oropendolas, Orioles, Blackbirds","Aves","Passeriformes","Icteridae","Molothrus","Mol.rufoaxillaris"
"Anhinga anhinga","Anhinga","Anhingas, Darters","Aves","Suliformes","Anhingidae","Anhinga","Anh.anhinga"
"Heliornis fulica","Sungrebe","Finfoots","Aves","Gruiformes","Heliornithidae","Heliornis","Hel.fulica"
"Actitis macularius","Spotted Sandpiper","Sandpipers, Snipes","Aves","Charadriiformes","Scolopacidae","Actitis","Act.macularius"
"Ibycter americanus","Red-throated Caracara","Caracaras, Falcons","Aves","Falconiformes","Falconidae","Ibycter","Iby.americanus"
"Vanellus cayanus","Plovers: Vanellus cayanus","Plovers","Aves","Charadriiformes","Charadriidae","Vanellus","Van.cayanus"
"Calidris fuscicollis","White-rumped Sandpiper","Sandpipers, Snipes","Aves","Charadriiformes","Scolopacidae","Calidris","Cal.fuscicollis"
"Phaetusa simplex","Large-billed Tern","Gulls, Terns, Skimmers","Aves","Charadriiformes","Laridae","Phaetusa","Pha.simplex"
"Sternula superciliaris","Yellow-billed Tern","Gulls, Terns, Skimmers","Aves","Charadriiformes","Laridae","Sternula","Ste.superciliaris"
"Rynchops niger","Black Skimmer","Gulls, Terns, Skimmers","Aves","Charadriiformes","Laridae","Rynchops","Ryn.niger"
"Philohydor lictor","Lesser Kiskadee","Tyrant Flycatchers, Calyptura","Aves","Passeriformes","Tyrannidae","Philohydor","Phi.lictor"
"Pygochelidon melanoleuca","Black-collared Swallow","Swallows, Martins","Aves","Passeriformes","Hirundinidae","Pygochelidon","Pyg.melanoleuca"
"Streptoprocne biscutata","Biscutate Swift","Swifts","Aves","Apodiformes","Apodidae","Streptoprocne","Str.biscutata"
"Atticora tibialis","White-thighed Swallow","Swallows, Martins","Aves","Passeriformes","Hirundinidae","Atticora","Att.tibialis"
"Megascops atricapilla","Black-capped Screech Owl","Owls","Aves","Strigiformes","Strigidae","Megascops","Meg.atricapilla"
"Nycticorax nycticorax","Black-crowned Night Heron","Herons, Bitterns","Aves","Pelecaniformes","Ardeidae","Nycticorax","Nyc.nycticorax"
"Dendrocygna autumnalis","Black-bellied Whistling Duck","Ducks, Geese, Swans","Aves","Anseriformes","Anatidae","Dendrocygna","Den.autumnalis"
"Cypseloides senex","Great Dusky Swift","Swifts","Aves","Apodiformes","Apodidae","Cypseloides","Cyp.senex"
"Jabiru mycteria","Jabiru","Storks","Aves","Ciconiiformes","Ciconiidae","Jabiru","Jab.mycteria"
"Busarellus nigricollis","Black-collared Hawk","Kites, Hawks, Eagles","Aves","Accipitriformes","Accipitridae","Busarellus","Bus.nigricollis"
